Food_ID,Food_Name,Quantity,Expiry_Date,Provider_ID,Provider_Type,Location,Food_Type,Meal_Type
1,Bread,43,2025-03-17,110,Grocery Store,South Kellyville,Vegetarian,Breakfast
2,Soup,22,2025-03-24,791,Grocery Store,West James,Vegetarian,Dinner
3,Fruits,46,2025-03-28,478,Catering Service,Lake Regina,Vegan,Breakfast
4,Fruits,15,2025-03-16,930,Restaurant,Kellytown,Vegan,Lunch
5,Soup,14,2025-03-19,279,Restaurant,Garciaport,Vegetarian,Dinner
6,Vegetables,4,2025-03-24,378,Supermarket,South Johnshire,Vegan,Snacks
7,Dairy,29,2025-03-25,268,Grocery Store,Nolanmouth,Vegetarian,Dinner
8,Rice,49,2025-03-28,343,Catering Service,South Christopherborough,Vegan,Lunch
9,Bread,46,2025-03-25,47,Supermarket,East Andrewland,Vegetarian,Snacks
10,Rice,41,2025-03-20,528,Supermarket,Markport,Vegan,Dinner
11,Pasta,39,2025-03-17,96,Grocery Store,Deborahland,Vegetarian,Breakfast
12,Pasta,15,2025-03-28,899,Catering Service,North Steven,Vegetarian,Lunch
13,Fruits,33,2025-03-22,115,Grocery Store,Floresville,Vegan,Snacks
14,Bread,19,2025-03-30,621,Supermarket,Sarahland,Vegetarian,Dinner
15,Salad,3,2025-03-22,74,Catering Service,Belindaville,Vegan,Breakfast
16,Dairy,6,2025-03-26,862,Grocery Store,East Tammy,Vegetarian,Snacks
17,Chicken,42,2025-03-22,417,Restaurant,East Ashleyshire,Non-Vegetarian,Snacks
18,Soup,28,2025-03-27,455,Catering Service,Madisonfort,Vegetarian,Snacks
19,Rice,13,2025-03-30,419,Supermarket,Port Peter,Vegan,Breakfast
20,Pasta,41,2025-03-17,306,Catering Service,North Keith,Vegetarian,Snacks
21,Rice,38,2025-03-26,277,Catering Service,West Aliciabury,Vegan,Dinner
22,Chicken,46,2025-03-21,892,Grocery Store,Russellfurt,Non-Vegetarian,Snacks
23,Salad,43,2025-03-26,1,Supermarket,New Jessica,Vegan,Dinner
24,Bread,20,2025-03-30,897,Catering Service,Villastad,Vegetarian,Lunch
25,Rice,48,2025-03-22,898,Restaurant,Medinatown,Vegan,Breakfast
26,Vegetables,34,2025-03-27,95,Supermarket,Christinaland,Vegan,Dinner
27,Salad,12,2025-03-23,262,Supermarket,New Carol,Vegan,Breakfast
28,Chicken,5,2025-03-22,606,Grocery Store,North Nathan,Non-Vegetarian,Dinner
29,Bread,18,2025-03-19,196,Restaurant,Bartonborough,Vegetarian,Lunch
30,Soup,4,2025-03-16,616,Restaurant,Clarkberg,Vegetarian,Dinner
31,Bread,42,2025-03-22,535,Grocery Store,Valdezborough,Vegetarian,Snacks
32,Rice,27,2025-03-21,611,Supermarket,Port Kendraborough,Vegan,Lunch
33,Salad,9,2025-03-27,798,Grocery Store,North Amanda,Vegan,Breakfast
34,Bread,3,2025-03-30,396,Catering Service,Heatherside,Vegetarian,Breakfast
35,Rice,6,2025-03-23,108,Supermarket,East Austin,Vegan,Breakfast
36,Rice,35,2025-03-20,1,Supermarket,New Jessica,Vegan,Breakfast
37,Fish,19,2025-03-20,389,Grocery Store,Davidborough,Non-Vegetarian,Dinner
38,Bread,48,2025-03-22,440,Grocery Store,Elliottberg,Vegetarian,Snacks
39,Bread,48,2025-03-22,758,Catering Service,Port Patrick,Vegetarian,Breakfast
40,Fruits,12,2025-03-27,965,Restaurant,Port Bryce,Vegan,Breakfast
41,Chicken,14,2025-03-27,450,Catering Service,Grahamside,Non-Vegetarian,Dinner
42,Rice,50,2025-03-16,179,Supermarket,North Michelle,Vegan,Lunch
43,Pasta,44,2025-03-22,29,Grocery Store,Patrickmouth,Vegetarian,Lunch
44,Bread,39,2025-03-22,290,Supermarket,Bradleyport,Vegetarian,Snacks
45,Fish,17,2025-03-24,874,Catering Service,Priceland,Non-Vegetarian,Lunch
46,Pasta,25,2025-03-28,576,Catering Service,East Emilyburgh,Vegetarian,Breakfast
47,Salad,3,2025-03-17,420,Catering Service,Anthonyton,Vegan,Snacks
48,Rice,30,2025-03-16,150,Grocery Store,North Jamesberg,Vegan,Breakfast
49,Fish,41,2025-03-17,700,Supermarket,Morriston,Non-Vegetarian,Dinner
50,Salad,28,2025-03-23,514,Supermarket,Maxwellburgh,Vegan,Dinner
51,Dairy,14,2025-03-27,828,Catering Service,Torresshire,Vegetarian,Snacks
52,Vegetables,23,2025-03-29,460,Grocery Store,Lake Justin,Vegan,Snacks
53,Fruits,13,2025-03-16,174,Grocery Store,North Carolfurt,Vegan,Lunch
54,Soup,15,2025-03-17,368,Grocery Store,North Lindseychester,Vegetarian,Snacks
55,Vegetables,19,2025-03-17,967,Grocery Store,Coleburgh,Vegan,Breakfast
56,Vegetables,9,2025-03-23,125,Supermarket,Lake April,Vegan,Lunch
57,Chicken,23,2025-03-17,977,Restaurant,South Jessicachester,Non-Vegetarian,Dinner
58,Pasta,39,2025-03-28,270,Catering Service,Cunninghambury,Vegetarian,Lunch
59,Vegetables,38,2025-03-22,251,Restaurant,East Terrancemouth,Vegan,Snacks
60,Pasta,49,2025-03-28,153,Restaurant,Hawkinsmouth,Vegetarian,Breakfast
61,Fruits,33,2025-03-22,243,Catering Service,West Catherine,Vegan,Lunch
62,Rice,21,2025-03-21,520,Catering Service,Port Andre,Vegan,Breakfast
63,Salad,6,2025-03-20,335,Grocery Store,North Gary,Vegan,Dinner
64,Soup,41,2025-03-26,678,Grocery Store,Lake Travis,Vegetarian,Dinner
65,Fruits,45,2025-03-26,602,Grocery Store,North Destiny,Vegan,Breakfast
66,Fish,6,2025-03-22,577,Catering Service,Lake Donna,Non-Vegetarian,Breakfast
67,Rice,50,2025-03-24,455,Catering Service,Madisonfort,Vegan,Breakfast
68,Rice,15,2025-03-25,113,Catering Service,East Elizabethberg,Vegan,Snacks
69,Bread,47,2025-03-16,504,Catering Service,Gaineschester,Vegetarian,Snacks
70,Rice,7,2025-03-16,313,Supermarket,Boylechester,Vegan,Lunch
71,Fish,45,2025-03-19,750,Supermarket,Michaelton,Non-Vegetarian,Lunch
72,Dairy,11,2025-03-24,293,Catering Service,Joneshaven,Vegetarian,Dinner
73,Soup,48,2025-03-19,485,Restaurant,East Andrea,Vegetarian,Breakfast
74,Chicken,12,2025-03-29,387,Grocery Store,West Juliabury,Non-Vegetarian,Breakfast
75,Bread,35,2025-03-24,389,Grocery Store,Davidborough,Vegetarian,Dinner
76,Pasta,40,2025-03-16,905,Restaurant,North Kennethshire,Vegetarian,Lunch
77,Rice,4,2025-03-19,890,Restaurant,Pereztown,Vegan,Lunch
78,Chicken,1,2025-03-23,913,Grocery Store,Erikatown,Non-Vegetarian,Dinner
79,Rice,25,2025-03-19,100,Catering Service,Mooreview,Vegan,Breakfast
80,Dairy,36,2025-03-29,434,Restaurant,Nicoletown,Vegetarian,Breakfast
81,Fruits,33,2025-03-18,848,Supermarket,Fowlerbury,Vegan,Snacks
82,Vegetables,26,2025-03-23,631,Supermarket,North Kevinhaven,Vegan,Snacks
83,Rice,44,2025-03-28,312,Restaurant,North Ianbury,Vegan,Dinner
84,Rice,25,2025-03-23,967,Grocery Store,Coleburgh,Vegan,Snacks
85,Pasta,28,2025-03-16,554,Restaurant,Brandyberg,Vegetarian,Lunch
86,Soup,13,2025-03-30,288,Supermarket,Maynardstad,Vegetarian,Dinner
87,Salad,37,2025-03-28,34,Grocery Store,North Garybury,Vegan,Breakfast
88,Vegetables,22,2025-03-21,491,Supermarket,Samanthabury,Vegan,Dinner
89,Chicken,3,2025-03-27,844,Grocery Store,Olsenstad,Non-Vegetarian,Lunch
90,Bread,29,2025-03-23,477,Supermarket,East Jacobchester,Vegetarian,Breakfast
91,Vegetables,9,2025-03-22,275,Supermarket,Brittanyport,Vegan,Breakfast
92,Chicken,42,2025-03-20,752,Grocery Store,East Heatherport,Non-Vegetarian,Breakfast
93,Salad,49,2025-03-20,264,Catering Service,New Richard,Vegan,Lunch
94,Rice,35,2025-03-16,722,Restaurant,Linchester,Vegan,Lunch
95,Pasta,19,2025-03-24,120,Restaurant,New Lisa,Vegetarian,Snacks
96,Dairy,5,2025-03-25,656,Restaurant,South Tiffanyfort,Vegetarian,Breakfast
97,Rice,44,2025-03-21,346,Grocery Store,Thomasville,Vegan,Dinner
98,Salad,26,2025-03-29,632,Supermarket,Davidville,Vegan,Breakfast
99,Bread,8,2025-03-28,162,Restaurant,Penabury,Vegetarian,Dinner
100,Vegetables,22,2025-03-18,647,Restaurant,West Kara,Vegan,Breakfast
101,Dairy,35,2025-03-23,538,Restaurant,Jasonmouth,Vegetarian,Dinner
102,Rice,35,2025-03-19,584,Supermarket,Moralesside,Vegan,Snacks
103,Bread,35,2025-03-30,391,Supermarket,South Jerryside,Vegetarian,Snacks
104,Dairy,3,2025-03-29,468,Supermarket,East Johnburgh,Vegetarian,Dinner
105,Rice,2,2025-03-24,698,Grocery Store,Phillipsmouth,Vegan,Breakfast
106,Rice,31,2025-03-19,253,Catering Service,Sharonton,Vegan,Breakfast
107,Salad,29,2025-03-25,464,Catering Service,Port Jacob,Vegan,Breakfast
108,Fruits,22,2025-03-25,835,Catering Service,Thorntonbury,Vegan,Snacks
109,Fruits,7,2025-03-24,998,Grocery Store,Joshuastad,Vegan,Dinner
110,Salad,49,2025-03-17,354,Catering Service,South Alicia,Vegan,Dinner
111,Soup,13,2025-03-17,904,Grocery Store,West Miaside,Vegetarian,Snacks
112,Chicken,32,2025-03-25,308,Catering Service,Brittanyside,Non-Vegetarian,Lunch
113,Soup,14,2025-03-16,623,Supermarket,Latoyaberg,Vegetarian,Breakfast
114,Vegetables,28,2025-03-27,906,Supermarket,West Kevin,Vegan,Breakfast
115,Pasta,8,2025-03-26,963,Supermarket,East Bernard,Vegetarian,Lunch
116,Soup,32,2025-03-23,570,Supermarket,Lake Vanessa,Vegetarian,Lunch
117,Soup,32,2025-03-21,530,Catering Service,Johnstonhaven,Vegetarian,Snacks
118,Dairy,42,2025-03-28,863,Restaurant,Port Michael,Vegetarian,Lunch
119,Bread,49,2025-03-28,135,Catering Service,East Candace,Vegetarian,Breakfast
120,Rice,30,2025-03-18,785,Catering Service,Lindseybury,Vegan,Lunch
121,Vegetables,16,2025-03-30,314,Restaurant,Rodriguezfurt,Vegan,Dinner
122,Fruits,7,2025-03-20,846,Supermarket,South Thomasville,Vegan,Snacks
123,Soup,11,2025-03-25,148,Grocery Store,Annahaven,Vegetarian,Lunch
124,Salad,50,2025-03-19,909,Restaurant,Sheilaburgh,Vegan,Snacks
125,Rice,21,2025-03-17,982,Grocery Store,Westbury,Vegan,Dinner
126,Dairy,27,2025-03-18,54,Supermarket,Lake Rachael,Vegetarian,Lunch
127,Rice,48,2025-03-30,763,Restaurant,Josephburgh,Vegan,Snacks
128,Rice,39,2025-03-22,235,Catering Service,Gutierrezshire,Vegan,Snacks
129,Chicken,26,2025-03-21,798,Grocery Store,North Amanda,Non-Vegetarian,Dinner
130,Vegetables,47,2025-03-29,997,Catering Service,East Rossside,Vegan,Breakfast
131,Fish,16,2025-03-18,241,Catering Service,Devinmouth,Non-Vegetarian,Dinner
132,Soup,20,2025-03-19,840,Restaurant,Cisnerostown,Vegetarian,Snacks
133,Rice,28,2025-03-19,795,Catering Service,Brownberg,Vegan,Lunch
134,Rice,1,2025-03-16,39,Supermarket,Brittanyville,Vegan,Dinner
135,Rice,44,2025-03-23,980,Restaurant,Port Melissa,Vegan,Lunch
136,Bread,29,2025-03-17,723,Supermarket,Jessicaland,Vegetarian,Dinner
137,Pasta,29,2025-03-19,87,Grocery Store,West Adam,Vegetarian,Snacks
138,Soup,24,2025-03-18,558,Catering Service,North Sharonberg,Vegetarian,Snacks
139,Rice,3,2025-03-20,446,Catering Service,Port Richardshire,Vegan,Dinner
140,Chicken,18,2025-03-16,967,Grocery Store,Coleburgh,Non-Vegetarian,Dinner
141,Dairy,33,2025-03-29,702,Supermarket,Lake Mistyton,Vegetarian,Lunch
142,Soup,41,2025-03-29,368,Grocery Store,North Lindseychester,Vegetarian,Snacks
143,Fish,18,2025-03-24,938,Restaurant,Hollyhaven,Non-Vegetarian,Lunch
144,Bread,18,2025-03-18,810,Catering Service,Lake Jason,Vegetarian,Lunch
145,Rice,12,2025-03-29,751,Restaurant,East Richardside,Vegan,Lunch
146,Chicken,17,2025-03-25,172,Grocery Store,Garciaside,Non-Vegetarian,Lunch
147,Vegetables,47,2025-03-30,619,Grocery Store,North Katelynland,Vegan,Breakfast
148,Pasta,16,2025-03-18,650,Restaurant,Garzaville,Vegetarian,Breakfast
149,Fish,18,2025-03-20,816,Supermarket,New Jamesburgh,Non-Vegetarian,Breakfast
150,Fish,50,2025-03-28,332,Restaurant,West Whitneymouth,Non-Vegetarian,Snacks
151,Chicken,19,2025-03-23,902,Supermarket,Port Robertport,Non-Vegetarian,Dinner
152,Fish,46,2025-03-24,58,Grocery Store,North Kevinhaven,Non-Vegetarian,Dinner
153,Fish,20,2025-03-21,737,Restaurant,Port Andrea,Non-Vegetarian,Breakfast
154,Pasta,46,2025-03-30,4,Grocery Store,Mendezmouth,Vegetarian,Breakfast
155,Fruits,20,2025-03-20,602,Grocery Store,North Destiny,Vegan,Dinner
156,Fish,24,2025-03-19,970,Catering Service,Jeffreybury,Non-Vegetarian,Snacks
157,Chicken,37,2025-03-20,600,Catering Service,Meganshire,Non-Vegetarian,Breakfast
158,Bread,22,2025-03-30,687,Catering Service,North James,Vegetarian,Breakfast
159,Pasta,7,2025-03-27,653,Catering Service,Cameronside,Vegetarian,Lunch
160,Rice,27,2025-03-23,367,Grocery Store,Deckermouth,Vegan,Snacks
161,Vegetables,32,2025-03-20,414,Supermarket,New Matthew,Vegan,Breakfast
162,Pasta,50,2025-03-21,826,Supermarket,Lake Karenfurt,Vegetarian,Breakfast
163,Bread,45,2025-03-16,251,Restaurant,East Terrancemouth,Vegetarian,Dinner
164,Dairy,22,2025-03-27,432,Restaurant,Carolchester,Vegetarian,Dinner
165,Bread,22,2025-03-28,90,Supermarket,Lake Kristentown,Vegetarian,Lunch
166,Soup,9,2025-03-17,58,Grocery Store,North Kevinhaven,Vegetarian,Lunch
167,Fish,4,2025-03-20,134,Supermarket,West Melissa,Non-Vegetarian,Lunch
168,Salad,26,2025-03-20,306,Catering Service,North Keith,Vegan,Lunch
169,Fruits,18,2025-03-20,336,Supermarket,East Sandra,Vegan,Snacks
170,Fruits,49,2025-03-17,403,Grocery Store,Jeremiahfort,Vegan,Breakfast
171,Salad,25,2025-03-22,103,Catering Service,Port Michaelshire,Vegan,Snacks
172,Rice,45,2025-03-28,826,Supermarket,Lake Karenfurt,Vegan,Breakfast
173,Soup,17,2025-03-19,538,Restaurant,Jasonmouth,Vegetarian,Dinner
174,Chicken,23,2025-03-22,903,Catering Service,Lake Kari,Non-Vegetarian,Breakfast
175,Dairy,26,2025-03-30,465,Restaurant,Johnton,Vegetarian,Breakfast
176,Fish,19,2025-03-30,316,Supermarket,Williamsfort,Non-Vegetarian,Snacks
177,Dairy,22,2025-03-22,863,Restaurant,Port Michael,Vegetarian,Breakfast
178,Dairy,47,2025-03-21,847,Supermarket,Williamsonmouth,Vegetarian,Breakfast
179,Bread,11,2025-03-27,601,Catering Service,Port Troychester,Vegetarian,Breakfast
180,Salad,35,2025-03-28,7,Restaurant,Lake Christopherburgh,Vegan,Dinner
181,Rice,35,2025-03-16,47,Supermarket,East Andrewland,Vegan,Lunch
182,Soup,29,2025-03-18,247,Catering Service,Port Aaron,Vegetarian,Breakfast
183,Salad,15,2025-03-30,730,Supermarket,Benjaminstad,Vegan,Snacks
184,Salad,7,2025-03-29,182,Grocery Store,Port Jeffrey,Vegan,Dinner
185,Soup,19,2025-03-27,498,Grocery Store,East Craig,Vegetarian,Lunch
186,Pasta,48,2025-03-17,306,Catering Service,North Keith,Vegetarian,Breakfast
187,Dairy,38,2025-03-21,910,Restaurant,Leeburgh,Vegetarian,Snacks
188,Soup,4,2025-03-20,55,Grocery Store,Danachester,Vegetarian,Breakfast
189,Salad,7,2025-03-20,948,Supermarket,West Lisamouth,Vegan,Breakfast
190,Salad,25,2025-03-22,262,Supermarket,New Carol,Vegan,Snacks
191,Salad,13,2025-03-22,508,Restaurant,Walkerfurt,Vegan,Lunch
192,Vegetables,5,2025-03-17,320,Supermarket,Lake Jeffreytown,Vegan,Snacks
193,Pasta,25,2025-03-21,354,Catering Service,South Alicia,Vegetarian,Breakfast
194,Chicken,39,2025-03-26,31,Grocery Store,South Kellyberg,Non-Vegetarian,Lunch
195,Vegetables,31,2025-03-25,847,Supermarket,Williamsonmouth,Vegan,Snacks
196,Fish,27,2025-03-28,989,Grocery Store,North Lauren,Non-Vegetarian,Breakfast
197,Rice,21,2025-03-24,453,Grocery Store,East Timothy,Vegan,Breakfast
198,Bread,50,2025-03-23,287,Catering Service,Jefferyside,Vegetarian,Breakfast
199,Vegetables,16,2025-03-17,244,Supermarket,Toddberg,Vegan,Breakfast
200,Bread,3,2025-03-24,794,Supermarket,Woodport,Vegetarian,Dinner
201,Soup,35,2025-03-29,330,Restaurant,Jamesport,Vegetarian,Dinner
202,Dairy,17,2025-03-18,319,Restaurant,Lake Amymouth,Vegetarian,Lunch
203,Pasta,8,2025-03-24,215,Grocery Store,New Curtis,Vegetarian,Breakfast
204,Fish,11,2025-03-26,896,Grocery Store,Weberfurt,Non-Vegetarian,Lunch
205,Dairy,13,2025-03-20,22,Catering Service,Port Lisamouth,Vegetarian,Breakfast
206,Rice,28,2025-03-29,931,Supermarket,South Allisonburgh,Vegan,Breakfast
207,Salad,42,2025-03-23,523,Restaurant,Lake Lorrainefort,Vegan,Dinner
208,Rice,27,2025-03-26,215,Grocery Store,New Curtis,Vegan,Dinner
209,Fish,31,2025-03-26,422,Catering Service,Smithfort,Non-Vegetarian,Dinner
210,Fruits,17,2025-03-28,990,Catering Service,Lake Latasha,Vegan,Breakfast
211,Chicken,37,2025-03-22,242,Restaurant,Michaelport,Non-Vegetarian,Snacks
212,Salad,33,2025-03-20,228,Supermarket,Andrewsmouth,Vegan,Dinner
213,Fruits,20,2025-03-26,122,Catering Service,Tyronebury,Vegan,Snacks
214,Soup,9,2025-03-28,24,Supermarket,Hestermouth,Vegetarian,Breakfast
215,Bread,50,2025-03-30,315,Restaurant,Lake Andrewmouth,Vegetarian,Snacks
216,Vegetables,33,2025-03-16,206,Catering Service,Port Emilyburgh,Vegan,Dinner
217,Soup,42,2025-03-23,290,Supermarket,Bradleyport,Vegetarian,Lunch
218,Fish,38,2025-03-24,159,Grocery Store,North Brooke,Non-Vegetarian,Snacks
219,Fish,26,2025-03-18,323,Restaurant,Jasmineberg,Non-Vegetarian,Snacks
220,Pasta,18,2025-03-24,976,Restaurant,Davisview,Vegetarian,Snacks
221,Bread,11,2025-03-19,211,Restaurant,Lake James,Vegetarian,Snacks
222,Vegetables,23,2025-03-20,333,Restaurant,Port Heidiland,Vegan,Breakfast
223,Bread,38,2025-03-17,524,Grocery Store,West Amandafurt,Vegetarian,Snacks
224,Fruits,29,2025-03-19,556,Catering Service,Brittanyland,Vegan,Snacks
225,Fish,26,2025-03-24,340,Grocery Store,Murrayborough,Non-Vegetarian,Dinner
226,Rice,26,2025-03-22,242,Restaurant,Michaelport,Vegan,Snacks
227,Vegetables,25,2025-03-29,923,Supermarket,Jonestown,Vegan,Breakfast
228,Rice,12,2025-03-29,98,Supermarket,Gardnerfort,Vegan,Snacks
229,Pasta,26,2025-03-22,210,Grocery Store,Paulmouth,Vegetarian,Dinner
230,Fruits,17,2025-03-16,596,Restaurant,Zimmermanville,Vegan,Breakfast
231,Rice,33,2025-03-29,782,Supermarket,North Mary,Vegan,Breakfast
232,Soup,19,2025-03-28,610,Supermarket,Allenton,Vegetarian,Lunch
233,Fish,19,2025-03-26,26,Grocery Store,West Adammouth,Non-Vegetarian,Snacks
234,Rice,10,2025-03-16,888,Supermarket,West Sharonview,Vegan,Dinner
235,Dairy,38,2025-03-21,170,Catering Service,North Brentbury,Vegetarian,Lunch
236,Soup,50,2025-03-21,231,Supermarket,North Tom,Vegetarian,Lunch
237,Salad,39,2025-03-27,643,Supermarket,North Ebony,Vegan,Dinner
238,Vegetables,2,2025-03-27,621,Supermarket,Sarahland,Vegan,Breakfast
239,Pasta,26,2025-03-17,372,Restaurant,Lewisberg,Vegetarian,Dinner
240,Fruits,46,2025-03-26,319,Restaurant,Lake Amymouth,Vegan,Lunch
241,Fish,4,2025-03-23,135,Catering Service,East Candace,Non-Vegetarian,Breakfast
242,Soup,17,2025-03-21,655,Restaurant,Jimmyberg,Vegetarian,Dinner
243,Fruits,30,2025-03-24,750,Supermarket,Michaelton,Vegan,Snacks
244,Soup,17,2025-03-26,46,Grocery Store,South Lisaberg,Vegetarian,Snacks
245,Chicken,5,2025-03-16,48,Restaurant,Timothyview,Non-Vegetarian,Dinner
246,Salad,50,2025-03-28,768,Restaurant,South Danielle,Vegan,Snacks
247,Fish,17,2025-03-30,47,Supermarket,East Andrewland,Non-Vegetarian,Lunch
248,Vegetables,32,2025-03-21,960,Supermarket,Port Lance,Vegan,Lunch
249,Salad,39,2025-03-28,596,Restaurant,Zimmermanville,Vegan,Breakfast
250,Bread,8,2025-03-16,316,Supermarket,Williamsfort,Vegetarian,Snacks
251,Dairy,12,2025-03-24,241,Catering Service,Devinmouth,Vegetarian,Lunch
252,Chicken,18,2025-03-19,113,Catering Service,East Elizabethberg,Non-Vegetarian,Snacks
253,Rice,20,2025-03-19,231,Supermarket,North Tom,Vegan,Snacks
254,Rice,30,2025-03-24,703,Catering Service,Lake Jamestown,Vegan,Lunch
255,Dairy,44,2025-03-24,825,Supermarket,South Bryan,Vegetarian,Lunch
256,Rice,33,2025-03-28,384,Grocery Store,Jamesfurt,Vegan,Dinner
257,Chicken,41,2025-03-25,344,Catering Service,North Nicholas,Non-Vegetarian,Snacks
258,Fish,24,2025-03-21,101,Restaurant,East Angelafort,Non-Vegetarian,Breakfast
259,Rice,44,2025-03-27,815,Grocery Store,Ashleyhaven,Vegan,Snacks
260,Fruits,50,2025-03-29,723,Supermarket,Jessicaland,Vegan,Dinner
261,Pasta,15,2025-03-21,112,Restaurant,East Courtneymouth,Vegetarian,Lunch
262,Dairy,47,2025-03-30,693,Restaurant,Raybury,Vegetarian,Breakfast
263,Salad,21,2025-03-30,408,Supermarket,Riceshire,Vegan,Breakfast
264,Bread,49,2025-03-24,484,Restaurant,North Douglasfurt,Vegetarian,Dinner
265,Fruits,32,2025-03-26,862,Grocery Store,East Tammy,Vegan,Breakfast
266,Soup,30,2025-03-23,589,Restaurant,Morganhaven,Vegetarian,Lunch
267,Soup,6,2025-03-30,107,Restaurant,West Lauraborough,Vegetarian,Dinner
268,Fish,21,2025-03-29,485,Restaurant,East Andrea,Non-Vegetarian,Breakfast
269,Soup,36,2025-03-28,595,Grocery Store,Port Matthew,Vegetarian,Snacks
270,Pasta,29,2025-03-29,201,Catering Service,Sandrastad,Vegetarian,Lunch
271,Rice,22,2025-03-17,254,Restaurant,Reidland,Vegan,Breakfast
272,Vegetables,30,2025-03-25,151,Restaurant,Anthonyshire,Vegan,Dinner
273,Salad,32,2025-03-16,446,Catering Service,Port Richardshire,Vegan,Lunch
274,Salad,37,2025-03-29,768,Restaurant,South Danielle,Vegan,Snacks
275,Fish,35,2025-03-24,657,Supermarket,Davidland,Non-Vegetarian,Breakfast
276,Fruits,47,2025-03-29,839,Grocery Store,Port Erin,Vegan,Breakfast
277,Pasta,30,2025-03-22,244,Supermarket,Toddberg,Vegetarian,Lunch
278,Soup,35,2025-03-24,66,Restaurant,Lake Michaelfurt,Vegetarian,Lunch
279,Chicken,3,2025-03-25,326,Supermarket,Lake Alicia,Non-Vegetarian,Lunch
280,Pasta,44,2025-03-27,393,Restaurant,Heatherview,Vegetarian,Dinner
281,Rice,28,2025-03-23,356,Supermarket,West Michael,Vegan,Breakfast
282,Fruits,27,2025-03-25,640,Grocery Store,West Tinamouth,Vegan,Lunch
283,Dairy,7,2025-03-30,312,Restaurant,North Ianbury,Vegetarian,Breakfast
284,Vegetables,36,2025-03-27,161,Supermarket,Perezport,Vegan,Breakfast
285,Rice,44,2025-03-19,353,Grocery Store,North Aaron,Vegan,Breakfast
286,Pasta,37,2025-03-26,43,Supermarket,South Karen,Vegetarian,Snacks
287,Salad,20,2025-03-17,882,Supermarket,Jenniferville,Vegan,Breakfast
288,Bread,48,2025-03-22,703,Catering Service,Lake Jamestown,Vegetarian,Breakfast
289,Vegetables,31,2025-03-17,237,Supermarket,Frederickside,Vegan,Breakfast
290,Dairy,19,2025-03-19,315,Restaurant,Lake Andrewmouth,Vegetarian,Lunch
291,Salad,12,2025-03-19,785,Catering Service,Lindseybury,Vegan,Breakfast
292,Chicken,16,2025-03-17,906,Supermarket,West Kevin,Non-Vegetarian,Breakfast
293,Rice,32,2025-03-27,276,Supermarket,Port Eric,Vegan,Dinner
294,Bread,40,2025-03-19,113,Catering Service,East Elizabethberg,Vegetarian,Dinner
295,Soup,39,2025-03-17,344,Catering Service,North Nicholas,Vegetarian,Dinner
296,Dairy,24,2025-03-19,655,Restaurant,Jimmyberg,Vegetarian,Lunch
297,Pasta,46,2025-03-19,409,Grocery Store,East Roberthaven,Vegetarian,Breakfast
298,Chicken,2,2025-03-22,883,Supermarket,New Jacob,Non-Vegetarian,Lunch
299,Dairy,14,2025-03-21,718,Restaurant,Port Victoria,Vegetarian,Lunch
300,Pasta,16,2025-03-17,459,Supermarket,Castilloport,Vegetarian,Snacks
301,Rice,35,2025-03-24,886,Restaurant,New Tiffanystad,Vegan,Breakfast
302,Bread,31,2025-03-23,760,Supermarket,Yatesside,Vegetarian,Snacks
303,Fish,2,2025-03-18,945,Grocery Store,Tamaraside,Non-Vegetarian,Dinner
304,Fish,5,2025-03-19,639,Supermarket,Richardsonhaven,Non-Vegetarian,Dinner
305,Soup,14,2025-03-30,38,Supermarket,Perkinsbury,Vegetarian,Breakfast
306,Salad,27,2025-03-22,284,Supermarket,North Julieburgh,Vegan,Snacks
307,Chicken,20,2025-03-20,384,Grocery Store,Jamesfurt,Non-Vegetarian,Breakfast
308,Soup,11,2025-03-29,973,Supermarket,New Larry,Vegetarian,Snacks
309,Chicken,47,2025-03-27,1000,Restaurant,Brendantown,Non-Vegetarian,Snacks
310,Rice,13,2025-03-20,528,Supermarket,Markport,Vegan,Dinner
311,Fish,3,2025-03-18,740,Catering Service,Port Marissachester,Non-Vegetarian,Dinner
312,Fruits,11,2025-03-26,238,Grocery Store,North Julieburgh,Vegan,Breakfast
313,Fruits,3,2025-03-26,551,Restaurant,East Sandratown,Vegan,Snacks
314,Fish,27,2025-03-23,387,Grocery Store,West Juliabury,Non-Vegetarian,Lunch
315,Salad,47,2025-03-18,761,Catering Service,New Zachary,Vegan,Dinner
316,Salad,4,2025-03-28,494,Supermarket,New Denise,Vegan,Dinner
317,Dairy,22,2025-03-21,866,Grocery Store,New Robertstad,Vegetarian,Dinner
318,Pasta,48,2025-03-25,946,Catering Service,Roystad,Vegetarian,Lunch
319,Chicken,47,2025-03-30,63,Supermarket,Mcclainfurt,Non-Vegetarian,Snacks
320,Vegetables,26,2025-03-20,484,Restaurant,North Douglasfurt,Vegan,Lunch
321,Pasta,20,2025-03-18,572,Supermarket,Lake Cathy,Vegetarian,Lunch
322,Chicken,12,2025-03-26,575,Catering Service,Johnport,Non-Vegetarian,Dinner
323,Dairy,31,2025-03-27,4,Grocery Store,Mendezmouth,Vegetarian,Snacks
324,Soup,39,2025-03-24,346,Grocery Store,Thomasville,Vegetarian,Snacks
325,Chicken,32,2025-03-25,365,Restaurant,West Robert,Non-Vegetarian,Dinner
326,Soup,25,2025-03-29,407,Restaurant,North Charlesside,Vegetarian,Dinner
327,Dairy,24,2025-03-22,834,Supermarket,Harrishaven,Vegetarian,Breakfast
328,Chicken,36,2025-03-19,876,Grocery Store,Brookeland,Non-Vegetarian,Snacks
329,Rice,42,2025-03-17,716,Catering Service,North Ryan,Vegan,Dinner
330,Rice,49,2025-03-19,407,Restaurant,North Charlesside,Vegan,Snacks
331,Fish,8,2025-03-22,480,Catering Service,East Kevin,Non-Vegetarian,Breakfast
332,Rice,12,2025-03-21,616,Restaurant,Clarkberg,Vegan,Dinner
333,Salad,41,2025-03-20,139,Supermarket,Port Connie,Vegan,Breakfast
334,Bread,17,2025-03-19,126,Supermarket,New Rodneyville,Vegetarian,Snacks
335,Rice,38,2025-03-20,664,Catering Service,Jeffreyshire,Vegan,Snacks
336,Dairy,36,2025-03-23,101,Restaurant,East Angelafort,Vegetarian,Snacks
337,Vegetables,5,2025-03-24,301,Supermarket,East Laurashire,Vegan,Snacks
338,Chicken,7,2025-03-19,735,Restaurant,Westmouth,Non-Vegetarian,Lunch
339,Pasta,40,2025-03-29,512,Grocery Store,Port Timothystad,Vegetarian,Dinner
340,Fruits,3,2025-03-24,634,Supermarket,Colemanton,Vegan,Dinner
341,Vegetables,48,2025-03-30,908,Supermarket,East Phillipton,Vegan,Dinner
342,Vegetables,5,2025-03-27,766,Catering Service,Jonathanmouth,Vegan,Lunch
343,Bread,40,2025-03-27,563,Grocery Store,East Angela,Vegetarian,Snacks
344,Vegetables,44,2025-03-23,678,Grocery Store,Lake Travis,Vegan,Snacks
345,Pasta,14,2025-03-20,346,Grocery Store,Thomasville,Vegetarian,Lunch
346,Chicken,16,2025-03-28,2,Grocery Store,East Sheena,Non-Vegetarian,Snacks
347,Chicken,45,2025-03-24,567,Catering Service,Jonathanstad,Non-Vegetarian,Breakfast
348,Fish,21,2025-03-27,107,Restaurant,West Lauraborough,Non-Vegetarian,Lunch
349,Vegetables,33,2025-03-18,766,Catering Service,Jonathanmouth,Vegan,Breakfast
350,Pasta,8,2025-03-21,828,Catering Service,Torresshire,Vegetarian,Breakfast
351,Bread,45,2025-03-25,678,Grocery Store,Lake Travis,Vegetarian,Snacks
352,Vegetables,31,2025-03-28,692,Supermarket,South Andrewport,Vegan,Dinner
353,Fruits,5,2025-03-29,418,Restaurant,Deborahfurt,Vegan,Lunch
354,Pasta,3,2025-03-24,380,Restaurant,Lake Christophermouth,Vegetarian,Lunch
355,Pasta,10,2025-03-22,662,Supermarket,Port Lesliebury,Vegetarian,Dinner
356,Fish,27,2025-03-20,71,Restaurant,Ruizmouth,Non-Vegetarian,Lunch
357,Chicken,1,2025-03-23,939,Catering Service,New Monicaside,Non-Vegetarian,Dinner
358,Fruits,41,2025-03-21,810,Catering Service,Lake Jason,Vegan,Breakfast
359,Bread,6,2025-03-23,811,Grocery Store,East Emily,Vegetarian,Lunch
360,Chicken,12,2025-03-18,22,Catering Service,Port Lisamouth,Non-Vegetarian,Dinner
361,Dairy,17,2025-03-16,391,Supermarket,South Jerryside,Vegetarian,Breakfast
362,Chicken,29,2025-03-27,785,Catering Service,Lindseybury,Non-Vegetarian,Snacks
363,Bread,24,2025-03-23,770,Supermarket,East Melissa,Vegetarian,Breakfast
364,Fish,33,2025-03-22,540,Catering Service,Henrychester,Non-Vegetarian,Snacks
365,Fruits,48,2025-03-27,71,Restaurant,Ruizmouth,Vegan,Dinner
366,Chicken,25,2025-03-24,331,Catering Service,South Jeffreyburgh,Non-Vegetarian,Lunch
367,Vegetables,38,2025-03-29,610,Supermarket,Allenton,Vegan,Snacks
368,Salad,1,2025-03-16,826,Supermarket,Lake Karenfurt,Vegan,Lunch
369,Fruits,23,2025-03-16,523,Restaurant,Lake Lorrainefort,Vegan,Breakfast
370,Fruits,35,2025-03-16,783,Restaurant,Port Melanie,Vegan,Lunch
371,Bread,34,2025-03-21,154,Supermarket,New John,Vegetarian,Lunch
372,Pasta,11,2025-03-25,138,Grocery Store,North Sherrimouth,Vegetarian,Snacks
373,Rice,39,2025-03-21,252,Grocery Store,Phillipsfort,Vegan,Lunch
374,Chicken,44,2025-03-21,709,Restaurant,South Kathryn,Non-Vegetarian,Lunch
375,Vegetables,15,2025-03-28,569,Grocery Store,South Russelltown,Vegan,Dinner
376,Vegetables,47,2025-03-25,41,Catering Service,Bentleyburgh,Vegan,Lunch
377,Pasta,22,2025-03-25,737,Restaurant,Port Andrea,Vegetarian,Breakfast
378,Soup,39,2025-03-19,834,Supermarket,Harrishaven,Vegetarian,Lunch
379,Rice,14,2025-03-18,312,Restaurant,North Ianbury,Vegan,Lunch
380,Soup,26,2025-03-22,985,Restaurant,Harrisonbury,Vegetarian,Snacks
381,Pasta,35,2025-03-18,86,Catering Service,New Michelle,Vegetarian,Dinner
382,Salad,42,2025-03-20,208,Restaurant,East Garyton,Vegan,Dinner
383,Vegetables,48,2025-03-19,783,Restaurant,Port Melanie,Vegan,Lunch
384,Fish,14,2025-03-26,614,Supermarket,Robertshire,Non-Vegetarian,Snacks
385,Pasta,7,2025-03-25,885,Restaurant,Lake Stephen,Vegetarian,Dinner
386,Salad,30,2025-03-22,697,Restaurant,Padillatown,Vegan,Snacks
387,Rice,31,2025-03-24,958,Restaurant,Lake Vanessaland,Vegan,Dinner
388,Soup,41,2025-03-25,858,Restaurant,Johnsonborough,Vegetarian,Dinner
389,Vegetables,30,2025-03-18,707,Supermarket,Laurietown,Vegan,Snacks
390,Soup,19,2025-03-27,264,Catering Service,New Richard,Vegetarian,Lunch
391,Bread,40,2025-03-25,321,Restaurant,North Edwinchester,Vegetarian,Lunch
392,Soup,34,2025-03-19,599,Restaurant,Carlborough,Vegetarian,Dinner
393,Bread,50,2025-03-28,404,Restaurant,Brownchester,Vegetarian,Breakfast
394,Fruits,30,2025-03-21,485,Restaurant,East Andrea,Vegan,Dinner
395,Vegetables,36,2025-03-28,717,Catering Service,Pamelaberg,Vegan,Lunch
396,Dairy,5,2025-03-17,726,Supermarket,Shortfurt,Vegetarian,Dinner
397,Salad,14,2025-03-21,987,Supermarket,South Kevinhaven,Vegan,Breakfast
398,Dairy,27,2025-03-20,802,Catering Service,North Katherineshire,Vegetarian,Snacks
399,Chicken,16,2025-03-29,593,Grocery Store,Tammyside,Non-Vegetarian,Lunch
400,Rice,42,2025-03-29,897,Catering Service,Villastad,Vegan,Lunch
401,Soup,42,2025-03-18,582,Grocery Store,West Dannyland,Vegetarian,Lunch
402,Fish,11,2025-03-29,429,Grocery Store,Lake Benjamin,Non-Vegetarian,Lunch
403,Bread,25,2025-03-28,133,Catering Service,South Michaelberg,Vegetarian,Breakfast
404,Salad,10,2025-03-18,691,Restaurant,Youngchester,Vegan,Snacks
405,Bread,16,2025-03-20,241,Catering Service,Devinmouth,Vegetarian,Lunch
406,Salad,28,2025-03-22,222,Catering Service,Stephanieberg,Vegan,Snacks
407,Chicken,32,2025-03-20,912,Catering Service,Blaketown,Non-Vegetarian,Lunch
408,Soup,42,2025-03-24,391,Supermarket,South Jerryside,Vegetarian,Breakfast
409,Chicken,46,2025-03-24,898,Restaurant,Medinatown,Non-Vegetarian,Dinner
410,Salad,21,2025-03-19,273,Supermarket,New Carol,Vegan,Snacks
411,Soup,39,2025-03-30,419,Supermarket,Port Peter,Vegetarian,Breakfast
412,Chicken,10,2025-03-28,999,Grocery Store,Stevenchester,Non-Vegetarian,Snacks
413,Salad,31,2025-03-24,315,Restaurant,Lake Andrewmouth,Vegan,Lunch
414,Vegetables,7,2025-03-21,353,Grocery Store,North Aaron,Vegan,Snacks
415,Vegetables,18,2025-03-23,537,Restaurant,Callahanside,Vegan,Breakfast
416,Soup,49,2025-03-26,888,Supermarket,West Sharonview,Vegetarian,Dinner
417,Soup,49,2025-03-19,196,Restaurant,Bartonborough,Vegetarian,Snacks
418,Vegetables,19,2025-03-30,685,Supermarket,Maysside,Vegan,Lunch
419,Rice,26,2025-03-19,585,Grocery Store,Port Donnaton,Vegan,Breakfast
420,Soup,13,2025-03-26,386,Grocery Store,Wheelermouth,Vegetarian,Breakfast
421,Dairy,24,2025-03-17,676,Catering Service,Lake Jasmin,Vegetarian,Dinner
422,Soup,2,2025-03-20,550,Catering Service,Timothychester,Vegetarian,Breakfast
423,Fish,6,2025-03-30,926,Grocery Store,North Chase,Non-Vegetarian,Breakfast
424,Pasta,41,2025-03-27,910,Restaurant,Leeburgh,Vegetarian,Lunch
425,Chicken,19,2025-03-24,4,Grocery Store,Mendezmouth,Non-Vegetarian,Breakfast
426,Bread,6,2025-03-22,461,Restaurant,New Hannah,Vegetarian,Dinner
427,Soup,34,2025-03-18,338,Catering Service,Adambury,Vegetarian,Lunch
428,Dairy,35,2025-03-16,242,Restaurant,Michaelport,Vegetarian,Snacks
429,Pasta,34,2025-03-17,178,Catering Service,Scottchester,Vegetarian,Lunch
430,Dairy,33,2025-03-28,853,Catering Service,East Michelle,Vegetarian,Snacks
431,Pasta,21,2025-03-20,144,Catering Service,Bellport,Vegetarian,Lunch
432,Dairy,34,2025-03-17,979,Restaurant,West Hunter,Vegetarian,Breakfast
433,Dairy,50,2025-03-18,892,Grocery Store,Russellfurt,Vegetarian,Lunch
434,Vegetables,20,2025-03-23,460,Grocery Store,Lake Justin,Vegan,Snacks
435,Chicken,26,2025-03-30,373,Grocery Store,Aprilberg,Non-Vegetarian,Lunch
436,Pasta,6,2025-03-26,126,Supermarket,New Rodneyville,Vegetarian,Snacks
437,Chicken,29,2025-03-16,345,Catering Service,North Tracy,Non-Vegetarian,Dinner
438,Dairy,46,2025-03-20,84,Restaurant,Marthaside,Vegetarian,Breakfast
439,Fruits,41,2025-03-16,986,Supermarket,Port David,Vegan,Dinner
440,Pasta,34,2025-03-21,499,Catering Service,Jonathanstad,Vegetarian,Lunch
441,Fruits,2,2025-03-18,919,Supermarket,Port Tanyaburgh,Vegan,Lunch
442,Fish,20,2025-03-18,905,Restaurant,North Kennethshire,Non-Vegetarian,Lunch
443,Chicken,34,2025-03-22,671,Grocery Store,North Catherine,Non-Vegetarian,Lunch
444,Dairy,27,2025-03-27,117,Restaurant,Amberton,Vegetarian,Lunch
445,Pasta,13,2025-03-18,995,Supermarket,Manningshire,Vegetarian,Lunch
446,Bread,9,2025-03-24,39,Supermarket,Brittanyville,Vegetarian,Snacks
447,Soup,21,2025-03-26,736,Supermarket,East Anthony,Vegetarian,Lunch
448,Vegetables,25,2025-03-23,221,Supermarket,Walterborough,Vegan,Snacks
449,Dairy,21,2025-03-17,655,Restaurant,Jimmyberg,Vegetarian,Dinner
450,Bread,9,2025-03-23,368,Grocery Store,North Lindseychester,Vegetarian,Dinner
451,Fish,14,2025-03-18,713,Grocery Store,Smithmouth,Non-Vegetarian,Breakfast
452,Vegetables,47,2025-03-23,871,Supermarket,Madelinechester,Vegan,Dinner
453,Fish,21,2025-03-21,664,Catering Service,Jeffreyshire,Non-Vegetarian,Lunch
454,Pasta,4,2025-03-22,189,Supermarket,Brianside,Vegetarian,Lunch
455,Pasta,17,2025-03-27,630,Catering Service,West Matthew,Vegetarian,Dinner
456,Vegetables,16,2025-03-19,144,Catering Service,Bellport,Vegan,Snacks
457,Soup,30,2025-03-25,347,Supermarket,Louismouth,Vegetarian,Lunch
458,Dairy,16,2025-03-23,210,Grocery Store,Paulmouth,Vegetarian,Lunch
459,Rice,2,2025-03-22,213,Grocery Store,Andersonville,Vegan,Snacks
460,Dairy,45,2025-03-17,202,Supermarket,Vazquezshire,Vegetarian,Dinner
461,Pasta,10,2025-03-19,511,Grocery Store,Port Davidshire,Vegetarian,Dinner
462,Soup,22,2025-03-23,85,Catering Service,Christopherstad,Vegetarian,Dinner
463,Soup,36,2025-03-17,384,Grocery Store,Jamesfurt,Vegetarian,Lunch
464,Fish,27,2025-03-20,201,Catering Service,Sandrastad,Non-Vegetarian,Lunch
465,Rice,32,2025-03-19,532,Grocery Store,Darrylchester,Vegan,Snacks
466,Rice,6,2025-03-30,729,Grocery Store,Lake Nathan,Vegan,Dinner
467,Dairy,7,2025-03-28,337,Restaurant,New Ricky,Vegetarian,Dinner
468,Fruits,1,2025-03-27,258,Restaurant,Lake Anthonyport,Vegan,Breakfast
469,Vegetables,7,2025-03-30,388,Supermarket,Manuelhaven,Vegan,Snacks
470,Salad,38,2025-03-17,435,Restaurant,Port Leahfurt,Vegan,Dinner
471,Pasta,15,2025-03-30,637,Grocery Store,East Williamshire,Vegetarian,Lunch
472,Salad,21,2025-03-20,340,Grocery Store,Murrayborough,Vegan,Snacks
473,Chicken,19,2025-03-30,528,Supermarket,Markport,Non-Vegetarian,Breakfast
474,Rice,5,2025-03-22,215,Grocery Store,New Curtis,Vegan,Dinner
475,Pasta,13,2025-03-26,357,Supermarket,Donnaborough,Vegetarian,Dinner
476,Fruits,2,2025-03-28,993,Restaurant,East Stephanie,Vegan,Dinner
477,Dairy,40,2025-03-18,262,Supermarket,New Carol,Vegetarian,Breakfast
478,Soup,43,2025-03-17,928,Catering Service,Zimmermanton,Vegetarian,Lunch
479,Salad,2,2025-03-18,786,Restaurant,Basstown,Vegan,Breakfast
480,Pasta,25,2025-03-24,517,Grocery Store,Wadeville,Vegetarian,Lunch
481,Dairy,16,2025-03-19,705,Grocery Store,East Robert,Vegetarian,Dinner
482,Salad,32,2025-03-27,912,Catering Service,Blaketown,Vegan,Dinner
483,Vegetables,36,2025-03-29,933,Catering Service,Anthonyborough,Vegan,Snacks
484,Bread,15,2025-03-22,133,Catering Service,South Michaelberg,Vegetarian,Snacks
485,Salad,50,2025-03-18,185,Restaurant,Shirleyland,Vegan,Lunch
486,Chicken,9,2025-03-25,550,Catering Service,Timothychester,Non-Vegetarian,Snacks
487,Fruits,43,2025-03-18,499,Catering Service,Jonathanstad,Vegan,Dinner
488,Fish,22,2025-03-19,527,Supermarket,Bonillahaven,Non-Vegetarian,Breakfast
489,Fish,39,2025-03-25,705,Grocery Store,East Robert,Non-Vegetarian,Dinner
490,Salad,3,2025-03-24,563,Grocery Store,East Angela,Vegan,Snacks
491,Fruits,23,2025-03-25,139,Supermarket,Port Connie,Vegan,Lunch
492,Pasta,30,2025-03-28,295,Restaurant,Meghanfurt,Vegetarian,Breakfast
493,Fish,26,2025-03-30,102,Grocery Store,West Samantha,Non-Vegetarian,Snacks
494,Bread,41,2025-03-24,129,Restaurant,Port Emily,Vegetarian,Breakfast
495,Pasta,34,2025-03-22,494,Supermarket,New Denise,Vegetarian,Dinner
496,Chicken,22,2025-03-28,552,Catering Service,Pearsonchester,Non-Vegetarian,Dinner
497,Dairy,48,2025-03-27,709,Restaurant,South Kathryn,Vegetarian,Dinner
498,Rice,28,2025-03-16,507,Grocery Store,Lake Diane,Vegan,Snacks
499,Salad,6,2025-03-23,154,Supermarket,New John,Vegan,Snacks
500,Pasta,14,2025-03-30,230,Grocery Store,North Melanie,Vegetarian,Dinner
501,Chicken,27,2025-03-24,11,Supermarket,South Robert,Non-Vegetarian,Lunch
502,Dairy,40,2025-03-19,123,Grocery Store,East Meganfort,Vegetarian,Lunch
503,Rice,40,2025-03-29,861,Grocery Store,Lake Kendramouth,Vegan,Snacks
504,Rice,28,2025-03-30,227,Grocery Store,Derekport,Vegan,Lunch
505,Pasta,12,2025-03-22,494,Supermarket,New Denise,Vegetarian,Snacks
506,Fruits,37,2025-03-29,793,Grocery Store,West Brandon,Vegan,Snacks
507,Chicken,43,2025-03-26,968,Restaurant,Christopherton,Non-Vegetarian,Lunch
508,Dairy,42,2025-03-18,176,Restaurant,East John,Vegetarian,Lunch
509,Dairy,18,2025-03-17,980,Restaurant,Port Melissa,Vegetarian,Snacks
510,Salad,33,2025-03-28,697,Restaurant,Padillatown,Vegan,Dinner
511,Salad,25,2025-03-27,879,Supermarket,Lake Michael,Vegan,Snacks
512,Chicken,20,2025-03-27,911,Restaurant,Garciatown,Non-Vegetarian,Lunch
513,Fruits,49,2025-03-18,255,Supermarket,Crystalborough,Vegan,Snacks
514,Salad,20,2025-03-24,880,Catering Service,Sheenashire,Vegan,Snacks
515,Dairy,10,2025-03-27,725,Grocery Store,New Evanport,Vegetarian,Lunch
516,Fish,24,2025-03-23,846,Supermarket,South Thomasville,Non-Vegetarian,Breakfast
517,Dairy,4,2025-03-26,45,Catering Service,East Deniseborough,Vegetarian,Dinner
518,Fruits,46,2025-03-22,210,Grocery Store,Paulmouth,Vegan,Lunch
519,Pasta,43,2025-03-26,7,Restaurant,Lake Christopherburgh,Vegetarian,Lunch
520,Fish,23,2025-03-25,559,Catering Service,New Baileyfort,Non-Vegetarian,Breakfast
521,Vegetables,23,2025-03-17,792,Catering Service,Mortonfort,Vegan,Snacks
522,Rice,7,2025-03-22,783,Restaurant,Port Melanie,Vegan,Lunch
523,Salad,29,2025-03-22,351,Grocery Store,South Stefanietown,Vegan,Lunch
524,Soup,25,2025-03-18,387,Grocery Store,West Juliabury,Vegetarian,Snacks
525,Soup,30,2025-03-16,717,Catering Service,Pamelaberg,Vegetarian,Lunch
526,Rice,11,2025-03-30,883,Supermarket,New Jacob,Vegan,Lunch
527,Dairy,3,2025-03-23,674,Restaurant,Anthonyhaven,Vegetarian,Snacks
528,Chicken,6,2025-03-27,677,Grocery Store,Williamsmouth,Non-Vegetarian,Snacks
529,Dairy,48,2025-03-17,901,Supermarket,West Melissastad,Vegetarian,Dinner
530,Soup,32,2025-03-27,583,Catering Service,Marcstad,Vegetarian,Breakfast
531,Salad,42,2025-03-17,57,Grocery Store,Port Robin,Vegan,Lunch
532,Bread,50,2025-03-20,550,Catering Service,Timothychester,Vegetarian,Breakfast
533,Fruits,25,2025-03-17,273,Supermarket,New Carol,Vegan,Breakfast
534,Vegetables,34,2025-03-30,223,Restaurant,Longland,Vegan,Dinner
535,Fish,24,2025-03-29,668,Grocery Store,Salinasville,Non-Vegetarian,Snacks
536,Rice,13,2025-03-19,683,Grocery Store,Christinetown,Vegan,Dinner
537,Salad,9,2025-03-17,949,Supermarket,Lake Deborah,Vegan,Breakfast
538,Dairy,18,2025-03-29,840,Restaurant,Cisnerostown,Vegetarian,Lunch
539,Vegetables,14,2025-03-22,161,Supermarket,Perezport,Vegan,Breakfast
540,Soup,33,2025-03-22,31,Grocery Store,South Kellyberg,Vegetarian,Snacks
541,Vegetables,12,2025-03-29,549,Catering Service,East Deborah,Vegan,Dinner
542,Bread,7,2025-03-26,926,Grocery Store,North Chase,Vegetarian,Lunch
543,Fruits,9,2025-03-26,526,Supermarket,South Tylerstad,Vegan,Dinner
544,Soup,36,2025-03-30,551,Restaurant,East Sandratown,Vegetarian,Dinner
545,Pasta,23,2025-03-29,984,Catering Service,South Edwardtown,Vegetarian,Snacks
546,Pasta,33,2025-03-24,116,Grocery Store,Moseshaven,Vegetarian,Snacks
547,Chicken,26,2025-03-23,825,Supermarket,South Bryan,Non-Vegetarian,Snacks
548,Fish,26,2025-03-19,714,Catering Service,North William,Non-Vegetarian,Snacks
549,Rice,34,2025-03-23,631,Supermarket,North Kevinhaven,Vegan,Breakfast
550,Rice,16,2025-03-29,836,Catering Service,New Ninashire,Vegan,Dinner
551,Chicken,4,2025-03-26,245,Restaurant,Lake Heather,Non-Vegetarian,Lunch
552,Dairy,44,2025-03-21,98,Supermarket,Gardnerfort,Vegetarian,Dinner
553,Salad,36,2025-03-24,93,Supermarket,New Daniel,Vegan,Breakfast
554,Soup,31,2025-03-20,754,Restaurant,North Sharonburgh,Vegetarian,Breakfast
555,Dairy,47,2025-03-20,371,Grocery Store,Solisburgh,Vegetarian,Breakfast
556,Fish,48,2025-03-21,938,Restaurant,Hollyhaven,Non-Vegetarian,Lunch
557,Vegetables,20,2025-03-30,169,Grocery Store,Lindseyland,Vegan,Dinner
558,Chicken,32,2025-03-20,267,Catering Service,Port Kevinburgh,Non-Vegetarian,Snacks
559,Salad,18,2025-03-22,814,Grocery Store,Allenborough,Vegan,Dinner
560,Fruits,41,2025-03-18,850,Grocery Store,North Stevenbury,Vegan,Snacks
561,Pasta,47,2025-03-20,861,Grocery Store,Lake Kendramouth,Vegetarian,Lunch
562,Dairy,3,2025-03-30,906,Supermarket,West Kevin,Vegetarian,Dinner
563,Pasta,37,2025-03-19,554,Restaurant,Brandyberg,Vegetarian,Lunch
564,Fish,29,2025-03-28,518,Grocery Store,Anneville,Non-Vegetarian,Lunch
565,Pasta,36,2025-03-24,41,Catering Service,Bentleyburgh,Vegetarian,Lunch
566,Fish,8,2025-03-17,328,Grocery Store,Port Rubenville,Non-Vegetarian,Lunch
567,Bread,3,2025-03-28,234,Catering Service,New Joel,Vegetarian,Breakfast
568,Fruits,11,2025-03-29,709,Restaurant,South Kathryn,Vegan,Breakfast
569,Fish,20,2025-03-25,68,Supermarket,North Elizabeth,Non-Vegetarian,Lunch
570,Vegetables,8,2025-03-16,659,Restaurant,East Lori,Vegan,Breakfast
571,Salad,39,2025-03-18,49,Supermarket,Lake Traceyburgh,Vegan,Breakfast
572,Bread,46,2025-03-22,212,Supermarket,Port Markview,Vegetarian,Dinner
573,Fish,40,2025-03-30,111,Supermarket,South Davidside,Non-Vegetarian,Snacks
574,Vegetables,17,2025-03-29,239,Grocery Store,South Bradleyburgh,Vegan,Breakfast
575,Pasta,15,2025-03-18,88,Restaurant,Salastown,Vegetarian,Breakfast
576,Salad,35,2025-03-24,786,Restaurant,Basstown,Vegan,Lunch
577,Bread,30,2025-03-29,161,Supermarket,Perezport,Vegetarian,Dinner
578,Salad,27,2025-03-29,285,Restaurant,West Corey,Vegan,Snacks
579,Dairy,44,2025-03-24,885,Restaurant,Lake Stephen,Vegetarian,Breakfast
580,Rice,21,2025-03-24,497,Catering Service,Chelseyfort,Vegan,Snacks
581,Salad,8,2025-03-20,656,Restaurant,South Tiffanyfort,Vegan,Breakfast
582,Soup,44,2025-03-20,501,Grocery Store,Jordanhaven,Vegetarian,Snacks
583,Vegetables,44,2025-03-23,938,Restaurant,Hollyhaven,Vegan,Dinner
584,Salad,16,2025-03-30,590,Grocery Store,Richchester,Vegan,Snacks
585,Rice,3,2025-03-26,514,Supermarket,Maxwellburgh,Vegan,Breakfast
586,Vegetables,37,2025-03-18,54,Supermarket,Lake Rachael,Vegan,Breakfast
587,Fruits,22,2025-03-21,192,Catering Service,Leslieville,Vegan,Dinner
588,Dairy,31,2025-03-27,709,Restaurant,South Kathryn,Vegetarian,Breakfast
589,Rice,49,2025-03-20,20,Catering Service,East Samantha,Vegan,Dinner
590,Fruits,11,2025-03-28,56,Catering Service,Michaelview,Vegan,Snacks
591,Fruits,19,2025-03-28,154,Supermarket,New John,Vegan,Breakfast
592,Rice,13,2025-03-23,341,Grocery Store,Lake Ryanbury,Vegan,Lunch
593,Soup,2,2025-03-23,515,Restaurant,Snyderton,Vegetarian,Lunch
594,Chicken,35,2025-03-28,140,Restaurant,Watsonstad,Non-Vegetarian,Breakfast
595,Salad,42,2025-03-19,358,Restaurant,South Crystalberg,Vegan,Lunch
596,Fish,44,2025-03-29,158,Catering Service,North Crystal,Non-Vegetarian,Lunch
597,Dairy,12,2025-03-20,563,Grocery Store,East Angela,Vegetarian,Lunch
598,Rice,19,2025-03-27,981,Restaurant,West Stevenport,Vegan,Lunch
599,Fruits,19,2025-03-30,232,Supermarket,Muellermouth,Vegan,Lunch
600,Rice,39,2025-03-24,505,Restaurant,Chelseaside,Vegan,Snacks
601,Vegetables,9,2025-03-27,140,Restaurant,Watsonstad,Vegan,Snacks
602,Chicken,15,2025-03-25,913,Grocery Store,Erikatown,Non-Vegetarian,Breakfast
603,Rice,37,2025-03-28,858,Restaurant,Johnsonborough,Vegan,Lunch
604,Pasta,47,2025-03-27,578,Catering Service,Port Carrie,Vegetarian,Breakfast
605,Vegetables,20,2025-03-23,429,Grocery Store,Lake Benjamin,Vegan,Dinner
606,Pasta,36,2025-03-22,932,Supermarket,New Ginaborough,Vegetarian,Dinner
607,Vegetables,23,2025-03-20,556,Catering Service,Brittanyland,Vegan,Dinner
608,Vegetables,27,2025-03-28,17,Catering Service,West Dawn,Vegan,Dinner
609,Bread,38,2025-03-23,541,Catering Service,West Karen,Vegetarian,Breakfast
610,Pasta,13,2025-03-30,477,Supermarket,East Jacobchester,Vegetarian,Breakfast
611,Vegetables,40,2025-03-30,993,Restaurant,East Stephanie,Vegan,Snacks
612,Vegetables,45,2025-03-17,874,Catering Service,Priceland,Vegan,Lunch
613,Bread,42,2025-03-20,592,Restaurant,North Brendaborough,Vegetarian,Dinner
614,Salad,43,2025-03-16,146,Supermarket,Jonathanhaven,Vegan,Lunch
615,Salad,11,2025-03-23,104,Catering Service,Lake Theresa,Vegan,Breakfast
616,Fish,35,2025-03-20,735,Restaurant,Westmouth,Non-Vegetarian,Dinner
617,Soup,27,2025-03-18,507,Grocery Store,Lake Diane,Vegetarian,Lunch
618,Soup,9,2025-03-18,929,Catering Service,Lake Richardhaven,Vegetarian,Dinner
619,Pasta,46,2025-03-29,725,Grocery Store,New Evanport,Vegetarian,Snacks
620,Chicken,7,2025-03-20,497,Catering Service,Chelseyfort,Non-Vegetarian,Dinner
621,Soup,23,2025-03-21,979,Restaurant,West Hunter,Vegetarian,Lunch
622,Fish,17,2025-03-24,857,Supermarket,Jordanborough,Non-Vegetarian,Snacks
623,Salad,38,2025-03-29,37,Catering Service,New Amanda,Vegan,Breakfast
624,Fish,10,2025-03-16,475,Catering Service,Bentonfurt,Non-Vegetarian,Breakfast
625,Rice,7,2025-03-22,632,Supermarket,Davidville,Vegan,Breakfast
626,Salad,37,2025-03-29,274,Supermarket,New Dawnborough,Vegan,Breakfast
627,Vegetables,26,2025-03-17,890,Restaurant,Pereztown,Vegan,Breakfast
628,Fish,5,2025-03-16,758,Catering Service,Port Patrick,Non-Vegetarian,Snacks
629,Bread,33,2025-03-20,694,Supermarket,Amandashire,Vegetarian,Breakfast
630,Bread,39,2025-03-25,478,Catering Service,Lake Regina,Vegetarian,Snacks
631,Pasta,49,2025-03-30,232,Supermarket,Muellermouth,Vegetarian,Dinner
632,Fruits,45,2025-03-25,850,Grocery Store,North Stevenbury,Vegan,Breakfast
633,Salad,19,2025-03-28,922,Restaurant,Lake Michael,Vegan,Snacks
634,Bread,40,2025-03-16,205,Grocery Store,Carlbury,Vegetarian,Breakfast
635,Pasta,18,2025-03-26,251,Restaurant,East Terrancemouth,Vegetarian,Dinner
636,Fish,11,2025-03-25,687,Catering Service,North James,Non-Vegetarian,Lunch
637,Chicken,49,2025-03-30,873,Catering Service,East Sonyaport,Non-Vegetarian,Lunch
638,Rice,12,2025-03-21,421,Supermarket,Kylehaven,Vegan,Dinner
639,Salad,5,2025-03-20,60,Restaurant,Wilsonport,Vegan,Lunch
640,Pasta,2,2025-03-17,422,Catering Service,Smithfort,Vegetarian,Breakfast
641,Bread,9,2025-03-30,692,Supermarket,South Andrewport,Vegetarian,Snacks
642,Chicken,38,2025-03-29,365,Restaurant,West Robert,Non-Vegetarian,Dinner
643,Salad,8,2025-03-23,240,Catering Service,Andreaborough,Vegan,Dinner
644,Bread,21,2025-03-18,42,Grocery Store,East Nicholasbury,Vegetarian,Snacks
645,Soup,34,2025-03-21,643,Supermarket,North Ebony,Vegetarian,Breakfast
646,Fruits,44,2025-03-17,417,Restaurant,East Ashleyshire,Vegan,Breakfast
647,Rice,1,2025-03-18,184,Grocery Store,Velazquezview,Vegan,Snacks
648,Rice,42,2025-03-23,904,Grocery Store,West Miaside,Vegan,Breakfast
649,Dairy,8,2025-03-30,806,Supermarket,West Samuelfurt,Vegetarian,Lunch
650,Soup,40,2025-03-16,288,Supermarket,Maynardstad,Vegetarian,Breakfast
651,Pasta,36,2025-03-16,72,Catering Service,Jasonstad,Vegetarian,Snacks
652,Fruits,44,2025-03-23,634,Supermarket,Colemanton,Vegan,Dinner
653,Soup,50,2025-03-25,573,Supermarket,New Thomasmouth,Vegetarian,Breakfast
654,Bread,2,2025-03-26,765,Grocery Store,South Douglashaven,Vegetarian,Dinner
655,Salad,46,2025-03-27,491,Supermarket,Samanthabury,Vegan,Snacks
656,Bread,26,2025-03-25,432,Restaurant,Carolchester,Vegetarian,Dinner
657,Rice,14,2025-03-28,239,Grocery Store,South Bradleyburgh,Vegan,Lunch
658,Vegetables,4,2025-03-26,769,Catering Service,Carrport,Vegan,Dinner
659,Salad,4,2025-03-27,707,Supermarket,Laurietown,Vegan,Dinner
660,Salad,42,2025-03-17,138,Grocery Store,North Sherrimouth,Vegan,Snacks
661,Bread,12,2025-03-25,906,Supermarket,West Kevin,Vegetarian,Dinner
662,Soup,47,2025-03-30,498,Grocery Store,East Craig,Vegetarian,Snacks
663,Dairy,42,2025-03-24,315,Restaurant,Lake Andrewmouth,Vegetarian,Snacks
664,Bread,34,2025-03-20,327,Restaurant,Villaborough,Vegetarian,Breakfast
665,Pasta,7,2025-03-18,142,Catering Service,Mitchellmouth,Vegetarian,Dinner
666,Vegetables,47,2025-03-21,835,Catering Service,Thorntonbury,Vegan,Dinner
667,Soup,30,2025-03-21,961,Restaurant,New Amanda,Vegetarian,Lunch
668,Salad,48,2025-03-20,357,Supermarket,Donnaborough,Vegan,Snacks
669,Vegetables,14,2025-03-27,164,Grocery Store,Sylviabury,Vegan,Dinner
670,Salad,37,2025-03-24,289,Supermarket,Toddstad,Vegan,Snacks
671,Salad,49,2025-03-24,498,Grocery Store,East Craig,Vegan,Breakfast
672,Bread,2,2025-03-24,555,Grocery Store,South Brenda,Vegetarian,Snacks
673,Rice,28,2025-03-20,677,Grocery Store,Williamsmouth,Vegan,Lunch
674,Vegetables,34,2025-03-17,518,Grocery Store,Anneville,Vegan,Lunch
675,Soup,25,2025-03-26,117,Restaurant,Amberton,Vegetarian,Dinner
676,Soup,15,2025-03-23,577,Catering Service,Lake Donna,Vegetarian,Dinner
677,Dairy,43,2025-03-16,672,Catering Service,North Mariahchester,Vegetarian,Breakfast
678,Pasta,8,2025-03-24,177,Supermarket,South Nicholasville,Vegetarian,Snacks
679,Bread,24,2025-03-24,698,Grocery Store,Phillipsmouth,Vegetarian,Snacks
680,Dairy,47,2025-03-23,499,Catering Service,Jonathanstad,Vegetarian,Snacks
681,Bread,28,2025-03-27,616,Restaurant,Clarkberg,Vegetarian,Breakfast
682,Pasta,30,2025-03-25,87,Grocery Store,West Adam,Vegetarian,Snacks
683,Soup,28,2025-03-18,726,Supermarket,Shortfurt,Vegetarian,Dinner
684,Rice,39,2025-03-29,221,Supermarket,Walterborough,Vegan,Snacks
685,Rice,39,2025-03-18,332,Restaurant,West Whitneymouth,Vegan,Dinner
686,Salad,15,2025-03-28,707,Supermarket,Laurietown,Vegan,Dinner
687,Pasta,5,2025-03-29,326,Supermarket,Lake Alicia,Vegetarian,Lunch
688,Salad,6,2025-03-22,536,Restaurant,South Donald,Vegan,Snacks
689,Pasta,34,2025-03-21,350,Restaurant,Port Dustin,Vegetarian,Breakfast
690,Fruits,43,2025-03-16,779,Supermarket,New Bobbytown,Vegan,Breakfast
691,Rice,21,2025-03-28,65,Grocery Store,Lake Raymondton,Vegan,Dinner
692,Bread,8,2025-03-17,332,Restaurant,West Whitneymouth,Vegetarian,Dinner
693,Chicken,6,2025-03-24,563,Grocery Store,East Angela,Non-Vegetarian,Dinner
694,Bread,50,2025-03-22,995,Supermarket,Manningshire,Vegetarian,Dinner
695,Fruits,17,2025-03-23,176,Restaurant,East John,Vegan,Breakfast
696,Rice,26,2025-03-24,752,Grocery Store,East Heatherport,Vegan,Snacks
697,Chicken,42,2025-03-21,817,Restaurant,Walterton,Non-Vegetarian,Breakfast
698,Rice,16,2025-03-22,872,Supermarket,Ramosville,Vegan,Lunch
699,Salad,32,2025-03-16,777,Catering Service,Wilsonview,Vegan,Dinner
700,Dairy,10,2025-03-17,840,Restaurant,Cisnerostown,Vegetarian,Breakfast
701,Salad,33,2025-03-19,192,Catering Service,Leslieville,Vegan,Lunch
702,Bread,6,2025-03-25,806,Supermarket,West Samuelfurt,Vegetarian,Snacks
703,Salad,35,2025-03-29,784,Restaurant,Gibsonfort,Vegan,Breakfast
704,Chicken,43,2025-03-27,518,Grocery Store,Anneville,Non-Vegetarian,Lunch
705,Fruits,39,2025-03-30,199,Catering Service,Christinamouth,Vegan,Breakfast
706,Dairy,45,2025-03-22,224,Restaurant,East Lindsayville,Vegetarian,Dinner
707,Soup,29,2025-03-22,625,Grocery Store,East Lisa,Vegetarian,Dinner
708,Rice,17,2025-03-22,800,Catering Service,East Amyfurt,Vegan,Lunch
709,Chicken,15,2025-03-20,127,Restaurant,Jasonland,Non-Vegetarian,Breakfast
710,Chicken,41,2025-03-22,970,Catering Service,Jeffreybury,Non-Vegetarian,Lunch
711,Pasta,25,2025-03-17,632,Supermarket,Davidville,Vegetarian,Breakfast
712,Pasta,31,2025-03-18,263,Grocery Store,Chambersfort,Vegetarian,Dinner
713,Fish,7,2025-03-26,108,Supermarket,East Austin,Non-Vegetarian,Snacks
714,Pasta,5,2025-03-25,928,Catering Service,Zimmermanton,Vegetarian,Lunch
715,Soup,21,2025-03-23,46,Grocery Store,South Lisaberg,Vegetarian,Breakfast
716,Dairy,29,2025-03-21,237,Supermarket,Frederickside,Vegetarian,Snacks
717,Salad,40,2025-03-16,108,Supermarket,East Austin,Vegan,Breakfast
718,Vegetables,45,2025-03-28,801,Catering Service,North Joseph,Vegan,Dinner
719,Pasta,44,2025-03-20,701,Restaurant,Browntown,Vegetarian,Snacks
720,Dairy,1,2025-03-27,849,Supermarket,South Christopherborough,Vegetarian,Snacks
721,Vegetables,20,2025-03-22,342,Catering Service,Matthewbury,Vegan,Breakfast
722,Soup,43,2025-03-26,306,Catering Service,North Keith,Vegetarian,Dinner
723,Pasta,2,2025-03-25,762,Restaurant,West Lucasville,Vegetarian,Breakfast
724,Dairy,44,2025-03-18,459,Supermarket,Castilloport,Vegetarian,Lunch
725,Soup,47,2025-03-30,846,Supermarket,South Thomasville,Vegetarian,Breakfast
726,Soup,27,2025-03-22,719,Restaurant,East Cynthia,Vegetarian,Breakfast
727,Chicken,3,2025-03-18,285,Restaurant,West Corey,Non-Vegetarian,Lunch
728,Dairy,28,2025-03-28,265,Catering Service,New Douglas,Vegetarian,Dinner
729,Rice,42,2025-03-30,253,Catering Service,Sharonton,Vegan,Lunch
730,Soup,15,2025-03-19,372,Restaurant,Lewisberg,Vegetarian,Lunch
731,Fruits,42,2025-03-30,324,Grocery Store,East Elizabeth,Vegan,Snacks
732,Soup,29,2025-03-18,734,Catering Service,Port Anita,Vegetarian,Dinner
733,Pasta,31,2025-03-26,736,Supermarket,East Anthony,Vegetarian,Snacks
734,Vegetables,5,2025-03-27,125,Supermarket,Lake April,Vegan,Lunch
735,Fish,2,2025-03-19,459,Supermarket,Castilloport,Non-Vegetarian,Snacks
736,Fruits,33,2025-03-24,792,Catering Service,Mortonfort,Vegan,Snacks
737,Fish,3,2025-03-16,930,Restaurant,Kellytown,Non-Vegetarian,Snacks
738,Fruits,5,2025-03-24,793,Grocery Store,West Brandon,Vegan,Snacks
739,Chicken,2,2025-03-28,186,Grocery Store,Evansmouth,Non-Vegetarian,Breakfast
740,Salad,6,2025-03-24,964,Catering Service,Connieside,Vegan,Lunch
741,Fish,21,2025-03-16,776,Supermarket,Williamview,Non-Vegetarian,Breakfast
742,Dairy,3,2025-03-30,483,Catering Service,Millerview,Vegetarian,Breakfast
743,Chicken,46,2025-03-29,308,Catering Service,Brittanyside,Non-Vegetarian,Breakfast
744,Fish,13,2025-03-17,456,Grocery Store,North Katelyn,Non-Vegetarian,Snacks
745,Fruits,34,2025-03-18,961,Restaurant,New Amanda,Vegan,Breakfast
746,Bread,31,2025-03-30,293,Catering Service,Joneshaven,Vegetarian,Lunch
747,Dairy,39,2025-03-19,238,Grocery Store,North Julieburgh,Vegetarian,Lunch
748,Soup,17,2025-03-24,472,Restaurant,Rebeccaburgh,Vegetarian,Breakfast
749,Salad,32,2025-03-27,140,Restaurant,Watsonstad,Vegan,Lunch
750,Bread,17,2025-03-25,613,Grocery Store,Petersonburgh,Vegetarian,Breakfast
751,Chicken,18,2025-03-25,720,Restaurant,Francisshire,Non-Vegetarian,Snacks
752,Soup,12,2025-03-17,460,Grocery Store,Lake Justin,Vegetarian,Breakfast
753,Fruits,19,2025-03-24,182,Grocery Store,Port Jeffrey,Vegan,Breakfast
754,Dairy,37,2025-03-30,986,Supermarket,Port David,Vegetarian,Dinner
755,Soup,4,2025-03-17,195,Supermarket,Justinhaven,Vegetarian,Dinner
756,Bread,5,2025-03-19,887,Supermarket,Strongmouth,Vegetarian,Snacks
757,Dairy,42,2025-03-21,282,Supermarket,Port Gregton,Vegetarian,Dinner
758,Rice,4,2025-03-26,989,Grocery Store,North Lauren,Vegan,Dinner
759,Chicken,36,2025-03-18,779,Supermarket,New Bobbytown,Non-Vegetarian,Snacks
760,Dairy,28,2025-03-26,710,Catering Service,Mikaylachester,Vegetarian,Dinner
761,Dairy,46,2025-03-24,217,Supermarket,Mooremouth,Vegetarian,Snacks
762,Soup,4,2025-03-23,76,Restaurant,Port Amandamouth,Vegetarian,Snacks
763,Fish,33,2025-03-17,846,Supermarket,South Thomasville,Non-Vegetarian,Snacks
764,Vegetables,21,2025-03-19,9,Supermarket,Tinamouth,Vegan,Breakfast
765,Soup,1,2025-03-28,161,Supermarket,Perezport,Vegetarian,Lunch
766,Chicken,17,2025-03-24,463,Grocery Store,East Edwinburgh,Non-Vegetarian,Breakfast
767,Salad,17,2025-03-27,952,Grocery Store,Samueltown,Vegan,Dinner
768,Soup,39,2025-03-28,200,Supermarket,Bradleyport,Vegetarian,Snacks
769,Chicken,27,2025-03-25,483,Catering Service,Millerview,Non-Vegetarian,Lunch
770,Dairy,30,2025-03-30,770,Supermarket,East Melissa,Vegetarian,Lunch
771,Chicken,9,2025-03-23,551,Restaurant,East Sandratown,Non-Vegetarian,Dinner
772,Salad,37,2025-03-23,609,Restaurant,South Christopherborough,Vegan,Lunch
773,Fish,40,2025-03-20,509,Grocery Store,Cordovaborough,Non-Vegetarian,Dinner
774,Dairy,2,2025-03-16,788,Supermarket,New Michaelmouth,Vegetarian,Breakfast
775,Pasta,7,2025-03-17,204,Supermarket,Lake Lauraton,Vegetarian,Dinner
776,Chicken,33,2025-03-24,249,Catering Service,Johnsonside,Non-Vegetarian,Dinner
777,Fruits,5,2025-03-18,709,Restaurant,South Kathryn,Vegan,Dinner
778,Dairy,7,2025-03-21,57,Grocery Store,Port Robin,Vegetarian,Snacks
779,Bread,43,2025-03-27,74,Catering Service,Belindaville,Vegetarian,Lunch
780,Dairy,48,2025-03-17,162,Restaurant,Penabury,Vegetarian,Snacks
781,Bread,45,2025-03-23,33,Restaurant,Janetborough,Vegetarian,Snacks
782,Rice,49,2025-03-28,566,Catering Service,New Rachel,Vegan,Snacks
783,Rice,4,2025-03-20,455,Catering Service,Madisonfort,Vegan,Snacks
784,Bread,1,2025-03-26,335,Grocery Store,North Gary,Vegetarian,Dinner
785,Bread,10,2025-03-16,678,Grocery Store,Lake Travis,Vegetarian,Lunch
786,Rice,4,2025-03-30,959,Grocery Store,North Victoriastad,Vegan,Dinner
787,Fish,48,2025-03-24,355,Restaurant,Port Patrick,Non-Vegetarian,Dinner
788,Fish,26,2025-03-30,34,Grocery Store,North Garybury,Non-Vegetarian,Dinner
789,Chicken,10,2025-03-26,673,Restaurant,New Connorfort,Non-Vegetarian,Snacks
790,Chicken,2,2025-03-21,332,Restaurant,West Whitneymouth,Non-Vegetarian,Dinner
791,Soup,23,2025-03-29,152,Catering Service,South Jacobport,Vegetarian,Breakfast
792,Chicken,15,2025-03-17,308,Catering Service,Brittanyside,Non-Vegetarian,Breakfast
793,Fruits,5,2025-03-24,824,Supermarket,Lopezport,Vegan,Snacks
794,Fruits,21,2025-03-27,380,Restaurant,Lake Christophermouth,Vegan,Snacks
795,Dairy,3,2025-03-19,911,Restaurant,Garciatown,Vegetarian,Dinner
796,Pasta,8,2025-03-27,798,Grocery Store,North Amanda,Vegetarian,Lunch
797,Dairy,40,2025-03-27,467,Catering Service,Phillipsfort,Vegetarian,Breakfast
798,Fish,3,2025-03-30,413,Catering Service,North Mike,Non-Vegetarian,Lunch
799,Chicken,5,2025-03-17,764,Restaurant,New Travisshire,Non-Vegetarian,Breakfast
800,Dairy,15,2025-03-20,193,Restaurant,North Lisaland,Vegetarian,Lunch
801,Chicken,50,2025-03-18,609,Restaurant,South Christopherborough,Non-Vegetarian,Lunch
802,Soup,25,2025-03-22,62,Grocery Store,Marymouth,Vegetarian,Dinner
803,Chicken,13,2025-03-27,714,Catering Service,North William,Non-Vegetarian,Snacks
804,Fruits,47,2025-03-27,16,Catering Service,West Vanessafort,Vegan,Breakfast
805,Chicken,1,2025-03-22,235,Catering Service,Gutierrezshire,Non-Vegetarian,Dinner
806,Soup,12,2025-03-27,388,Supermarket,Manuelhaven,Vegetarian,Dinner
807,Salad,35,2025-03-19,474,Catering Service,South Nicole,Vegan,Dinner
808,Dairy,7,2025-03-23,868,Grocery Store,Rodriguezview,Vegetarian,Dinner
809,Dairy,48,2025-03-29,292,Supermarket,Mooneybury,Vegetarian,Breakfast
810,Bread,34,2025-03-16,993,Restaurant,East Stephanie,Vegetarian,Snacks
811,Salad,19,2025-03-27,513,Catering Service,West Larry,Vegan,Dinner
812,Bread,49,2025-03-19,471,Grocery Store,Charlesmouth,Vegetarian,Lunch
813,Fish,33,2025-03-23,610,Supermarket,Allenton,Non-Vegetarian,Breakfast
814,Bread,18,2025-03-17,287,Catering Service,Jefferyside,Vegetarian,Snacks
815,Pasta,50,2025-03-22,157,Restaurant,Bairdfort,Vegetarian,Snacks
816,Fruits,2,2025-03-17,965,Restaurant,Port Bryce,Vegan,Lunch
817,Rice,23,2025-03-28,363,Catering Service,East Brittanyland,Vegan,Snacks
818,Fish,50,2025-03-29,248,Restaurant,South Michellechester,Non-Vegetarian,Dinner
819,Bread,35,2025-03-28,304,Catering Service,Port Marcland,Vegetarian,Breakfast
820,Fruits,46,2025-03-27,753,Supermarket,South Randy,Vegan,Lunch
821,Chicken,9,2025-03-24,167,Catering Service,Davidport,Non-Vegetarian,Lunch
822,Dairy,27,2025-03-25,237,Supermarket,Frederickside,Vegetarian,Lunch
823,Chicken,27,2025-03-21,587,Restaurant,Lake George,Non-Vegetarian,Lunch
824,Bread,12,2025-03-27,993,Restaurant,East Stephanie,Vegetarian,Dinner
825,Salad,25,2025-03-25,995,Supermarket,Manningshire,Vegan,Breakfast
826,Bread,39,2025-03-17,50,Catering Service,West Danielborough,Vegetarian,Snacks
827,Salad,3,2025-03-23,907,Supermarket,South Marthahaven,Vegan,Snacks
828,Vegetables,21,2025-03-24,636,Grocery Store,West Omarside,Vegan,Breakfast
829,Dairy,44,2025-03-18,262,Supermarket,New Carol,Vegetarian,Dinner
830,Vegetables,3,2025-03-25,847,Supermarket,Williamsonmouth,Vegan,Snacks
831,Pasta,24,2025-03-22,330,Restaurant,Jamesport,Vegetarian,Breakfast
832,Fish,19,2025-03-16,752,Grocery Store,East Heatherport,Non-Vegetarian,Breakfast
833,Fruits,44,2025-03-17,146,Supermarket,Jonathanhaven,Vegan,Dinner
834,Pasta,43,2025-03-18,531,Catering Service,North Kylestad,Vegetarian,Dinner
835,Vegetables,17,2025-03-29,752,Grocery Store,East Heatherport,Vegan,Lunch
836,Salad,49,2025-03-16,685,Supermarket,Maysside,Vegan,Breakfast
837,Soup,50,2025-03-24,642,Catering Service,Lesterstad,Vegetarian,Snacks
838,Bread,38,2025-03-29,770,Supermarket,East Melissa,Vegetarian,Lunch
839,Chicken,6,2025-03-17,72,Catering Service,Jasonstad,Non-Vegetarian,Lunch
840,Dairy,43,2025-03-16,548,Supermarket,Lisamouth,Vegetarian,Snacks
841,Chicken,15,2025-03-25,532,Grocery Store,Darrylchester,Non-Vegetarian,Lunch
842,Bread,40,2025-03-21,205,Grocery Store,Carlbury,Vegetarian,Breakfast
843,Fruits,46,2025-03-24,515,Restaurant,Snyderton,Vegan,Dinner
844,Fish,46,2025-03-29,495,Supermarket,Brownshire,Non-Vegetarian,Dinner
845,Bread,14,2025-03-20,718,Restaurant,Port Victoria,Vegetarian,Dinner
846,Salad,34,2025-03-19,894,Restaurant,Cannonside,Vegan,Snacks
847,Pasta,29,2025-03-21,887,Supermarket,Strongmouth,Vegetarian,Dinner
848,Dairy,32,2025-03-25,426,Catering Service,Taylorchester,Vegetarian,Dinner
849,Pasta,29,2025-03-21,563,Grocery Store,East Angela,Vegetarian,Breakfast
850,Dairy,22,2025-03-26,67,Restaurant,Kentland,Vegetarian,Breakfast
851,Fruits,35,2025-03-18,516,Catering Service,New Aaronberg,Vegan,Snacks
852,Vegetables,49,2025-03-20,363,Catering Service,East Brittanyland,Vegan,Snacks
853,Rice,18,2025-03-27,841,Restaurant,Lake Tamara,Vegan,Snacks
854,Fish,33,2025-03-22,804,Restaurant,North Ashley,Non-Vegetarian,Breakfast
855,Salad,28,2025-03-25,596,Restaurant,Zimmermanville,Vegan,Lunch
856,Rice,44,2025-03-23,501,Grocery Store,Jordanhaven,Vegan,Snacks
857,Pasta,47,2025-03-17,97,Supermarket,Reyesshire,Vegetarian,Dinner
858,Fruits,13,2025-03-22,413,Catering Service,North Mike,Vegan,Snacks
859,Pasta,1,2025-03-26,319,Restaurant,Lake Amymouth,Vegetarian,Breakfast
860,Fish,37,2025-03-17,934,Grocery Store,Steveport,Non-Vegetarian,Lunch
861,Dairy,45,2025-03-26,937,Restaurant,Roachhaven,Vegetarian,Dinner
862,Dairy,4,2025-03-19,237,Supermarket,Frederickside,Vegetarian,Lunch
863,Fruits,30,2025-03-20,57,Grocery Store,Port Robin,Vegan,Breakfast
864,Soup,11,2025-03-28,741,Catering Service,West Anthonymouth,Vegetarian,Snacks
865,Fish,25,2025-03-20,837,Supermarket,South Charles,Non-Vegetarian,Snacks
866,Fish,7,2025-03-29,169,Grocery Store,Lindseyland,Non-Vegetarian,Dinner
867,Soup,1,2025-03-21,870,Supermarket,New Hollyfurt,Vegetarian,Snacks
868,Soup,4,2025-03-22,504,Catering Service,Gaineschester,Vegetarian,Snacks
869,Fish,27,2025-03-20,40,Restaurant,Jennifertown,Non-Vegetarian,Snacks
870,Fish,3,2025-03-30,653,Catering Service,Cameronside,Non-Vegetarian,Breakfast
871,Chicken,7,2025-03-16,875,Grocery Store,South William,Non-Vegetarian,Lunch
872,Vegetables,50,2025-03-29,717,Catering Service,Pamelaberg,Vegan,Snacks
873,Rice,49,2025-03-29,712,Restaurant,Huberstad,Vegan,Lunch
874,Bread,45,2025-03-17,655,Restaurant,Jimmyberg,Vegetarian,Snacks
875,Bread,19,2025-03-29,721,Catering Service,Port Staceymouth,Vegetarian,Breakfast
876,Salad,38,2025-03-20,78,Restaurant,North Susan,Vegan,Snacks
877,Chicken,8,2025-03-20,374,Grocery Store,Steeleport,Non-Vegetarian,Lunch
878,Rice,23,2025-03-29,17,Catering Service,West Dawn,Vegan,Snacks
879,Chicken,21,2025-03-25,778,Catering Service,Edwardsbury,Non-Vegetarian,Dinner
880,Soup,35,2025-03-25,954,Catering Service,Randallchester,Vegetarian,Lunch
881,Dairy,43,2025-03-17,655,Restaurant,Jimmyberg,Vegetarian,Lunch
882,Salad,43,2025-03-23,138,Grocery Store,North Sherrimouth,Vegan,Lunch
883,Bread,8,2025-03-23,857,Supermarket,Jordanborough,Vegetarian,Lunch
884,Chicken,27,2025-03-28,371,Grocery Store,Solisburgh,Non-Vegetarian,Lunch
885,Rice,44,2025-03-22,503,Restaurant,Joseville,Vegan,Lunch
886,Bread,48,2025-03-20,423,Restaurant,South Justinborough,Vegetarian,Breakfast
887,Soup,12,2025-03-21,825,Supermarket,South Bryan,Vegetarian,Lunch
888,Salad,6,2025-03-25,50,Catering Service,West Danielborough,Vegan,Snacks
889,Soup,21,2025-03-16,266,Grocery Store,Port Ronaldshire,Vegetarian,Snacks
890,Chicken,40,2025-03-28,41,Catering Service,Bentleyburgh,Non-Vegetarian,Lunch
891,Chicken,9,2025-03-18,539,Restaurant,Watsonton,Non-Vegetarian,Lunch
892,Bread,42,2025-03-19,405,Supermarket,Kevinfort,Vegetarian,Dinner
893,Salad,3,2025-03-28,46,Grocery Store,South Lisaberg,Vegan,Lunch
894,Pasta,43,2025-03-25,310,Grocery Store,Saraburgh,Vegetarian,Dinner
895,Pasta,38,2025-03-29,888,Supermarket,West Sharonview,Vegetarian,Snacks
896,Vegetables,32,2025-03-18,547,Restaurant,Batesstad,Vegan,Snacks
897,Chicken,5,2025-03-20,638,Restaurant,Jeffreyport,Non-Vegetarian,Lunch
898,Fish,28,2025-03-27,87,Grocery Store,West Adam,Non-Vegetarian,Breakfast
899,Pasta,44,2025-03-29,5,Grocery Store,Valentineside,Vegetarian,Snacks
900,Dairy,31,2025-03-29,732,Supermarket,Ginaview,Vegetarian,Breakfast
901,Vegetables,38,2025-03-26,183,Grocery Store,South Anne,Vegan,Dinner
902,Salad,34,2025-03-30,347,Supermarket,Louismouth,Vegan,Snacks
903,Rice,25,2025-03-30,452,Supermarket,New Erica,Vegan,Breakfast
904,Chicken,40,2025-03-22,709,Restaurant,South Kathryn,Non-Vegetarian,Breakfast
905,Bread,37,2025-03-25,2,Grocery Store,East Sheena,Vegetarian,Dinner
906,Soup,17,2025-03-30,191,Grocery Store,Lake Jessicamouth,Vegetarian,Snacks
907,Chicken,17,2025-03-16,175,Catering Service,Katherinefurt,Non-Vegetarian,Lunch
908,Rice,16,2025-03-27,463,Grocery Store,East Edwinburgh,Vegan,Snacks
909,Fish,10,2025-03-28,831,Catering Service,Lewishaven,Non-Vegetarian,Snacks
910,Salad,37,2025-03-19,533,Catering Service,Rogersmouth,Vegan,Breakfast
911,Fish,5,2025-03-21,124,Supermarket,Lake Shelby,Non-Vegetarian,Dinner
912,Dairy,6,2025-03-28,334,Grocery Store,South Jillshire,Vegetarian,Breakfast
913,Fruits,39,2025-03-22,962,Catering Service,Alexanderchester,Vegan,Dinner
914,Chicken,18,2025-03-27,995,Supermarket,Manningshire,Non-Vegetarian,Dinner
915,Vegetables,35,2025-03-22,198,Restaurant,Port Karen,Vegan,Snacks
916,Rice,47,2025-03-16,920,Restaurant,New Calebberg,Vegan,Snacks
917,Soup,15,2025-03-28,393,Restaurant,Heatherview,Vegetarian,Dinner
918,Dairy,8,2025-03-29,583,Catering Service,Marcstad,Vegetarian,Breakfast
919,Soup,35,2025-03-26,52,Supermarket,Port Dianaberg,Vegetarian,Dinner
920,Soup,2,2025-03-19,691,Restaurant,Youngchester,Vegetarian,Snacks
921,Chicken,6,2025-03-26,59,Grocery Store,Marissaville,Non-Vegetarian,Snacks
922,Soup,32,2025-03-22,312,Restaurant,North Ianbury,Vegetarian,Dinner
923,Fruits,42,2025-03-24,161,Supermarket,Perezport,Vegan,Snacks
924,Fish,3,2025-03-20,764,Restaurant,New Travisshire,Non-Vegetarian,Dinner
925,Salad,12,2025-03-26,665,Catering Service,West Billborough,Vegan,Lunch
926,Rice,41,2025-03-16,240,Catering Service,Andreaborough,Vegan,Snacks
927,Fruits,39,2025-03-26,261,Grocery Store,South Richardhaven,Vegan,Snacks
928,Bread,20,2025-03-20,852,Grocery Store,East Shanestad,Vegetarian,Breakfast
929,Bread,23,2025-03-26,181,Restaurant,Taylormouth,Vegetarian,Lunch
930,Chicken,33,2025-03-18,983,Grocery Store,Herbertbury,Non-Vegetarian,Lunch
931,Vegetables,49,2025-03-23,139,Supermarket,Port Connie,Vegan,Snacks
932,Pasta,11,2025-03-18,857,Supermarket,Jordanborough,Vegetarian,Dinner
933,Dairy,17,2025-03-30,478,Catering Service,Lake Regina,Vegetarian,Lunch
934,Salad,50,2025-03-29,951,Grocery Store,Spenceland,Vegan,Breakfast
935,Vegetables,24,2025-03-25,608,Grocery Store,Collinsmouth,Vegan,Dinner
936,Chicken,32,2025-03-30,381,Supermarket,Martinville,Non-Vegetarian,Breakfast
937,Bread,18,2025-03-27,916,Catering Service,Patrickfort,Vegetarian,Lunch
938,Vegetables,7,2025-03-22,162,Restaurant,Penabury,Vegan,Breakfast
939,Rice,45,2025-03-18,983,Grocery Store,Herbertbury,Vegan,Dinner
940,Fish,36,2025-03-27,890,Restaurant,Pereztown,Non-Vegetarian,Lunch
941,Fish,1,2025-03-16,745,Grocery Store,East Lisa,Non-Vegetarian,Lunch
942,Rice,44,2025-03-30,591,Grocery Store,New Leslieport,Vegan,Dinner
943,Bread,13,2025-03-19,413,Catering Service,North Mike,Vegetarian,Lunch
944,Vegetables,41,2025-03-17,807,Supermarket,Williamland,Vegan,Breakfast
945,Vegetables,16,2025-03-21,351,Grocery Store,South Stefanietown,Vegan,Breakfast
946,Vegetables,29,2025-03-26,146,Supermarket,Jonathanhaven,Vegan,Breakfast
947,Bread,29,2025-03-19,176,Restaurant,East John,Vegetarian,Breakfast
948,Fruits,50,2025-03-29,421,Supermarket,Kylehaven,Vegan,Breakfast
949,Pasta,15,2025-03-20,632,Supermarket,Davidville,Vegetarian,Breakfast
950,Pasta,3,2025-03-27,619,Grocery Store,North Katelynland,Vegetarian,Snacks
951,Vegetables,20,2025-03-16,118,Supermarket,Lake Joseph,Vegan,Lunch
952,Pasta,32,2025-03-28,82,Supermarket,West Lauraborough,Vegetarian,Dinner
953,Soup,2,2025-03-29,731,Grocery Store,East Christophertown,Vegetarian,Breakfast
954,Rice,36,2025-03-25,780,Catering Service,North Caitlin,Vegan,Lunch
955,Soup,26,2025-03-26,276,Supermarket,Port Eric,Vegetarian,Snacks
956,Chicken,39,2025-03-30,626,Supermarket,Heathermouth,Non-Vegetarian,Snacks
957,Fish,39,2025-03-22,10,Catering Service,West Cherylfort,Non-Vegetarian,Lunch
958,Soup,19,2025-03-20,794,Supermarket,Woodport,Vegetarian,Lunch
959,Pasta,26,2025-03-18,758,Catering Service,Port Patrick,Vegetarian,Breakfast
960,Fish,46,2025-03-27,920,Restaurant,New Calebberg,Non-Vegetarian,Snacks
961,Soup,22,2025-03-25,66,Restaurant,Lake Michaelfurt,Vegetarian,Lunch
962,Soup,13,2025-03-28,62,Grocery Store,Marymouth,Vegetarian,Breakfast
963,Fish,33,2025-03-16,827,Grocery Store,East Kimberly,Non-Vegetarian,Dinner
964,Rice,46,2025-03-25,192,Catering Service,Leslieville,Vegan,Dinner
965,Dairy,44,2025-03-24,791,Grocery Store,West James,Vegetarian,Lunch
966,Dairy,41,2025-03-25,705,Grocery Store,East Robert,Vegetarian,Snacks
967,Fruits,34,2025-03-16,357,Supermarket,Donnaborough,Vegan,Snacks
968,Rice,45,2025-03-17,789,Grocery Store,Lake Maria,Vegan,Lunch
969,Soup,50,2025-03-21,208,Restaurant,East Garyton,Vegetarian,Lunch
970,Fruits,26,2025-03-20,62,Grocery Store,Marymouth,Vegan,Breakfast
971,Fish,7,2025-03-18,751,Restaurant,East Richardside,Non-Vegetarian,Snacks
972,Vegetables,21,2025-03-23,984,Catering Service,South Edwardtown,Vegan,Dinner
973,Fruits,7,2025-03-16,519,Restaurant,Keithburgh,Vegan,Breakfast
974,Chicken,45,2025-03-17,393,Restaurant,Heatherview,Non-Vegetarian,Lunch
975,Fish,48,2025-03-19,5,Grocery Store,Valentineside,Non-Vegetarian,Lunch
976,Vegetables,41,2025-03-19,738,Grocery Store,West Kelli,Vegan,Lunch
977,Vegetables,12,2025-03-19,514,Supermarket,Maxwellburgh,Vegan,Dinner
978,Dairy,14,2025-03-27,743,Supermarket,South Richard,Vegetarian,Snacks
979,Pasta,43,2025-03-16,584,Supermarket,Moralesside,Vegetarian,Lunch
980,Chicken,2,2025-03-27,876,Grocery Store,Brookeland,Non-Vegetarian,Dinner
981,Dairy,47,2025-03-18,999,Grocery Store,Stevenchester,Vegetarian,Breakfast
982,Soup,36,2025-03-19,7,Restaurant,Lake Christopherburgh,Vegetarian,Breakfast
983,Fruits,43,2025-03-22,98,Supermarket,Gardnerfort,Vegan,Lunch
984,Chicken,26,2025-03-23,234,Catering Service,New Joel,Non-Vegetarian,Dinner
985,Bread,31,2025-03-16,935,Grocery Store,Ramseyfort,Vegetarian,Dinner
986,Rice,23,2025-03-24,14,Catering Service,Garciamouth,Vegan,Snacks
987,Dairy,6,2025-03-29,557,Restaurant,East Aaron,Vegetarian,Dinner
988,Soup,44,2025-03-24,517,Grocery Store,Wadeville,Vegetarian,Lunch
989,Bread,31,2025-03-19,557,Restaurant,East Aaron,Vegetarian,Snacks
990,Pasta,11,2025-03-25,720,Restaurant,Francisshire,Vegetarian,Breakfast
991,Vegetables,7,2025-03-19,432,Restaurant,Carolchester,Vegan,Dinner
992,Salad,25,2025-03-26,257,Supermarket,Lake Coryhaven,Vegan,Breakfast
993,Soup,8,2025-03-28,470,Restaurant,Port Daniellechester,Vegetarian,Lunch
994,Salad,17,2025-03-29,37,Catering Service,New Amanda,Vegan,Snacks
995,Rice,37,2025-03-23,868,Grocery Store,Rodriguezview,Vegan,Snacks
996,Fish,15,2025-03-30,467,Catering Service,Phillipsfort,Non-Vegetarian,Breakfast
997,Fish,22,2025-03-18,35,Grocery Store,Andersonmouth,Non-Vegetarian,Breakfast
998,Fruits,6,2025-03-22,444,Restaurant,New Billy,Vegan,Dinner
999,Pasta,15,2025-03-30,702,Supermarket,Lake Mistyton,Vegetarian,Lunch
1000,Salad,18,2025-03-19,155,Supermarket,Charlesview,Vegan,Dinner
